product_name,filename,link,type,appliedVariationProduct,applicableRegion,description
,,,['ce'],"['X5', 'X5-Combo', 'X5-IT', 'X5-DE']",['UK'],
,,,['ncc'],"['X5', 'X5-Combo', 'X5-IT', 'X5-DE']",['TW'],
,,,['msds'],"['X5-Combo', 'X5', 'X5-IT', 'X5-DE']",['UK'],for Amazon UK Hazmat Review (signed)
,,,['insurance'],"['X5-DE', 'X5-IT', 'X5-Combo', 'X5']","['CA', 'DE', 'ES', 'FR', 'IT', 'TW', 'UK', 'US']",產品責任險保險證
,,,,['16309-30-09'],['UK'],laundry label
,,https://www.youtube.com/watch?v=HlcWfeymE_s,['marketingVideo'],[],"['CA', 'IT', 'DE', 'TW', 'ES', 'UK', 'FR', 'US']",
,,,['bluetooth'],"['TC001S-S-1B', 'TC001S-S-1W']","['TW', 'UK', 'US']",
,,,['ce'],"['TC001S-S-1B', 'TC001S-S-1W']","['TW', 'UK', 'US']",
,,,['ce'],"['TC001S-S-1B', 'TC001S-S-1W']","['TW', 'UK', 'US']",
,,,['ce'],"['TC001S-S-1B', 'TC001S-S-1W']","['TW', 'UK', 'US']",
,,,['ce'],"['TC001S-S-1B', 'TC001S-S-1W']","['TW', 'UK', 'US']",
,,,['ncc'],"['TC001S-S-1B', 'TC001S-S-1W']",['TW'],
,,,['fcc'],"['TC001S-S-1B', 'TC001S-S-1W']","['TW', 'UK', 'US']",
,,,['fcc'],"['TC001S-S-1B', 'TC001S-S-1W']","['TW', 'UK', 'US']",
,,,['fcc'],"['TC001S-S-1B', 'TC001S-S-1W']","['TW', 'UK', 'US']",
,,,['fcc'],"['TC001S-S-1B', 'TC001S-S-1W']","['TW', 'UK', 'US']",
,,,['fcc'],"['TC001S-S-1B', 'TC001S-S-1W']","['TW', 'UK', 'US']",
,,,['fcc'],"['TC001S-S-1B', 'TC001S-S-1W']","['TW', 'UK', 'US']",
,,,['fcc'],"['TC001S-S-1B', 'TC001S-S-1W']","['TW', 'UK', 'US']",
,,,['ncc'],"['TC001S-S-1B', 'TC001S-S-1W']",['TW'],
,,,['OtherReferenceMaterialOther'],['K423-1E'],[],條碼貼紙
,,,['ce'],"['MOZB100OR02A', 'MOZB100PK02A', 'MOZB100IB02A']",[],
,,,"['fcc', 'msds', 'bluetooth']","['MOZB100OR02A', 'MOZB100PK02A', 'MOZB100IB02A']",[],
,,,['OtherReferenceMaterialOther'],"['MOZB100OR02A', 'MOZB100PK02A', 'MOZB100IB02A']",[],
,,,['OtherReferenceMaterialOther'],"['MOZB100OR02A', 'MOZB100PK02A', 'MOZB100IB02A']",[],
,,,['umFile'],['K423-2A'],['US'],製作檔
,,,['umFile'],['K423-2A'],[],印刷檔
,,,['fcc'],"['PL-1000B', 'PL-1000']",['US'],1000型號的FCC
,,,['ce'],"['PL-1000B', 'PL-1000']","['UK', 'IT', 'FR', 'DE', 'ES']",1000型號的CE
,,,['specificationTable'],"['PL-1000B', 'PL-1000', 'PL-1000Plus-BK', 'PL-1000Plus-GD', 'PL-1000Plus-RD', 'PL-1000Plus-BL']","['UK', 'ES', 'DE', 'CA', 'IT', 'FR', 'US', 'TW']",Sales Kit
,,,['OtherReferenceMaterialOther'],"['PL-1000B', 'PL-1000', 'PL-1000Plus-BK', 'PL-1000Plus-GD', 'PL-1000Plus-RD', 'PL-1000Plus-BL']","['CA', 'FR', 'US', 'IT', 'DE', 'ES', 'TW', 'UK']",產品測試報告
,,,['umFile'],"['PL-1000B', 'PL-1000']","['TW', 'US', 'UK']",
,,,['umFile'],"['PL-1000B', 'PL-1000']",[],說明書編輯檔
,,,['fcc'],"['PL-1000Plus-BK', 'PL-1000Plus-GD', 'PL-1000Plus-RD', 'PL-1000Plus-BL', 'PL-1000Plus-SV']",['US'],1000Plus的FCC
,,,['ce'],"['PL-1000Plus-BK', 'PL-1000Plus-GD', 'PL-1000Plus-RD', 'PL-1000Plus-BL', 'PL-1000Plus-SV']","['UK', 'DE', 'ES', 'IT', 'FR']",1000Plus的CE
,,,['umFile'],"['PL-1000Plus-BK', 'PL-1000Plus-GD', 'PL-1000Plus-RD', 'PL-1000Plus-BL', 'PL-1000Plus-SV']",['US'],PL-1000Plus說明書
,,,['fda'],['C-10303'],[],
,,,['msds'],['C-10303'],[],
,,,"['complianceOther', 'OtherReferenceMaterialOther']","['S-610W', 'S-610B']","['US', 'UK']",CB report
,,,['OtherReferenceMaterialOther'],"['S-610W', 'S-610B']",[],Test report
,,,['productPackageDesign'],"['S-610W', 'S-610B']",[],產品包裝
,,,['productPackageDesign'],"['S-610W', 'S-610B']",[],產品包裝上的彩貼
,,,['rohs'],"['S-610W', 'S-610B']",['UK'],
,,,['ce'],"['S-610W', 'S-610B']",['UK'],
,,,"['specificationTable', 'OtherReferenceMaterialOther']","['S-610W', 'S-610B']",[],
,,http://database.ul.com/cgi-bin/XYV/template/LISEXT/1FRAME/gfilenbr.html,['complianceOther'],"['S-610W', 'S-610B']","['US', 'CA']",UL
,,,['fcc'],"['S-610W', 'S-610B']",['US'],
,,,['fcc'],"['S-610W', 'S-610B']",['US'],
,,https://www.youtube.com/watch?v=HlcWfeymE_s,['marketingVideo'],[],"['CA', 'IT', 'DE', 'UK', 'FR', 'US', 'ES', 'TW']",https://www.youtube.com/watch?v=HlcWfeymE_s
,,,['complianceOther'],[''],[],
,,,['msds'],"['7CAS-002-BK1', '7CAS-002-RE1', '7CAS-002-BR1', '7CAS-001-BK', '7CAS-001-RE', '7CAS-001-BR', '7CAS-004-BK', '7CAS-004-BR']",[],
,,,['complianceOther'],"['7CAS-002-BK1', '7CAS-002-RE1', '7CAS-002-BR1', '7CAS-001-BK', '7CAS-001-RE', '7CAS-001-BR', '7CAS-004-BK', '7CAS-004-BR']",[],
,,,['ce'],"['7CAS-002-BK1', '7CAS-002-RE1', '7CAS-002-BR1', '7CAS-001-BK', '7CAS-001-RE', '7CAS-001-BR', '7CAS-004-BK', '7CAS-004-BR']",[],
,,,['fcc'],"['7CAS-002-BK1', '7CAS-002-RE1', '7CAS-002-BR1', '7CAS-001-BK', '7CAS-001-RE', '7CAS-001-BR', '7CAS-004-BK', '7CAS-004-BR']",[],
,,,['specificationTable'],"['7CAS-002-BK1', '7CAS-002-RE1', '7CAS-002-BR1', '7CAS-001-BK', '7CAS-001-RE', '7CAS-001-BR', '7CAS-004-BK', '7CAS-004-BR']",[],
,,,['OtherReferenceMaterialOther'],"['7CAS-002-BK1', '7CAS-002-RE1', '7CAS-002-BR1', '7CAS-001-BK', '7CAS-001-RE', '7CAS-001-BR', '7CAS-004-BK', '7CAS-004-BR']",[],觸控筆特性表
,,,['specificationTable'],"['7CAS-002-BK1', '7CAS-002-RE1', '7CAS-002-BR1', '7CAS-001-BK', '7CAS-001-RE', '7CAS-001-BR', '7CAS-004-BK', '7CAS-004-BR']",[],觸控筆規格表
,,,['fda'],['6FY006CO-F'],[],
,,,['msds'],['6FY006CO-F'],[],
,,,['OtherReferenceMaterialOther'],['6FY006CO-F'],[],
,,,['msds'],['PLB-202'],[],
,,,['fda'],['FN-003AH'],[],
,,,['msds'],['FN-003AH'],[],
,,,,['FN-003AH'],[],
,,,['fda'],['FN-003AF'],[],
,,,['msds'],['FN-003AF'],[],
,,,,['FN-003AF'],[],
,,,,"['15106-86-00', '15106-93-00', '15106-99-00']",['UK'],laundry label
,,,['productPackageDesign'],['VE1090-101'],['US'],
,,https://drive.google.com/drive/folders/1qvKoZnky0wlq-SIRWu4Ixy1QTxhjboJx,['marketingVideo'],['VE1090-101'],['US'],行銷資料簡報檔
,,,['complianceOther'],['K488-PLUG100'],['TW'],BSMI 符合性聲明指定代碼
,,,['complianceOther'],['K488-PLUG100'],['TW'],CNS 14336-1 測試報告
,,,['complianceOther'],['K488-PLUG100'],['TW'],NCC 形式認證
,,,['ce'],['K488-PLUG100'],['UK'],
,,,['complianceOther'],['K488-PLUG100'],['UK'],EN 300 328 V1.8.1 (requirement of the R&TTE Directive for effective use of the radio spectrum for wideband transmission systems)
,,,['fcc'],['K488-PLUG100'],['US'],
,,,['complianceOther'],['K488-PLUG100'],['UK'],EN 62311:2008 (Human Exposure Restrictions For Electromagnetic Fields (0 Hz - 300 Ghz))
,,,['fcc'],[''],['US'],
,,,['fda'],"['504-BK-L', '504-BK-M', '504-BK-S', '504-BK-XL']",[],
,,,['ce'],['RIH6006-DE'],[],CE送件證明（尚未通過）
,,https://drive.google.com/drive/folders/1l-qCVJPyww_gyaCrQTO6kxlqDP6FocGc,['umFile'],['RIH6006-DE'],"['UK', 'DE', 'FR']",
,,https://drive.google.com/drive/folders/19dhjo1D7wbslc0Gnk0pUMF6h_TPjiITk,['umFile'],['RIH6006-DE'],"['UK', 'DE', 'FR']",
,,,['fda'],['TD-8255B'],['US'],
,,http://www.accessdata.fda.gov/scripts/cdrh/cfdocs/cfpmn/pmn.cfm?ID=K151024,['fda'],['TD-8255B'],['US'],FDA: 510(k) Premarket Notification
,,,['msds'],['TD-8255B'],"['CA', 'DE', 'ES', 'FR', 'IT', 'TW', 'UK', 'US']",product MSDS
,,,['complianceOther'],['TD-8255B'],['TW'],TW 醫療器材許可證(以初期的Brand name: Vtrust申請)
,,,['complianceOther'],['TD-8255B'],['TW'],TW 醫療器材許可證(以初期的Brand name: Vtrust申請)
,,,['ce'],['TD-8255B'],"['ES', 'UK', 'DE', 'IT', 'FR']",
,,,['bluetooth'],['TD-8255B'],[],
,,,['complianceOther'],['TD-8255B'],[],ISO 9001
,,https://docs.google.com/document/d/1IgiIBaChdjJnlpB6Bg_tSqHQ2BfJCrIW7MR6CCxwWY8/edit,['umLink'],"['A717IP7CRGLD-AB', 'A717IP7BKGLD-AB', 'A717IP7HPGLD-AB', 'A727IP7PCRGLD-AB', 'A727IP7PBKGLD-AB', 'A727IP7PHPGLD-AB', 'A828IPXCR-AB', 'A828IPXBK-AB', 'A828IPXHP-AB', 'A828IPXCRGLD-AB', 'A828IPXBKGLD-AB', 'A828IPXHPGLD-AB']",['US'],修改後的使用說明
,,https://drive.google.com/drive/folders/1Puy9rDCk-qBAcwzV2UnzhZpMH5FgJP3o,['OtherReferenceMaterialOther'],"['A717IP7CRGLD-AB', 'A717IP7BKGLD-AB', 'A717IP7HPGLD-AB', 'A727IP7PCRGLD-AB', 'A727IP7PBKGLD-AB', 'A727IP7PHPGLD-AB', 'A828IPXCR-AB', 'A828IPXBK-AB', 'A828IPXHP-AB', 'A828IPXCRGLD-AB', 'A828IPXBKGLD-AB', 'A828IPXHPGLD-AB']",['TW'],特色說明圖
,,,['rohs'],"['9U104000007-01', '9U104000005-01', '9U104000003-01']","['UK', 'US']",
,,,['ce'],"['9U104000007-01', '9U104000005-01', '9U104000003-01']","['UK', 'US']",
,,,['reach'],"['9U104000007-01', '9U104000005-01', '9U104000003-01']","['US', 'UK']",
,,,['productPackageDesign'],"['9U104000007-01', '9U104000005-01', '9U104000003-01']","['US', 'UK']",
,,,['umFile'],"['9U104000007-01', '9U104000005-01', '9U104000003-01']","['US', 'UK']",英文說明書
,,,['umFile'],"['9U104000007-01', '9U104000005-01', '9U104000003-01']",[],簡體說明書
,,,['umFile'],"['9U104000007-01', '9U104000005-01', '9U104000003-01']",['TW'],繁體說明書
,,,['msds'],['TD-2555'],"['CA', 'IT', 'DE', 'TW', 'ES', 'UK', 'FR', 'US']",
,,,['ce'],['TD-2555'],"['UK', 'DE', 'ES', 'FR', 'IT']",
,,http://purelandbeauty.com/balance-cleansing-dew/,,[''],[],
,,,['msds'],['PLB-101'],[],
,,,['umFile'],['BP-K486-BAL'],[],
,,,['umFile'],['BP-K486-BAL'],[],
,,,['umFile'],['BP-K486-BAL'],[],
,,,['umFile'],['BP-K486-BAL'],[],
,,,,[''],[],
,,,,['SAB006'],[],
,,,,['SAB006'],[],
,,,['OtherReferenceMaterialOther'],['SAB006'],['US'],
,,,['msds'],['SAB006'],[],
,,,,['STD003'],[],
,,,,['STD003'],[],
,,,,['STD003'],[],
,,,['OtherReferenceMaterialOther'],['STD003'],[],
,,,['msds'],['STD003'],[],
,,,['fda'],['6FY006CO-M'],[],
,,,['msds'],['6FY006CO-M'],[],
,,,,['6FY006CO-M'],[],
,,,['fda'],['FN-004AH'],[],
,,,['msds'],['FN-004AH'],[],
,,,['OtherReferenceMaterialOther'],['FN-004AH'],[],
,,,['fda'],['FN-004AF'],[],
,,,['msds'],['FN-004AF'],[],
,,,,['FN-004AF'],[],
,,,['msds'],['DL1AA020001T'],[],
,,,,['STI004A'],[],
,,,,['STI004A'],[],
,,,,['STI004A'],[],
,,,['msds'],['STI004A'],[],
,,,['productPackageDesign'],"['VE1070-101', 'VE1070-102', 'VE1070-103', 'VE1070-104']",['US'],
,,https://drive.google.com/drive/folders/1qvKoZnky0wlq-SIRWu4Ixy1QTxhjboJx,['marketingVideo'],"['VE1070-101', 'VE1070-102', 'VE1070-103', 'VE1070-104']",['US'],行銷資料簡報檔
,,http://www.gloryspa.com.tw/front/bin/ptdetail.phtml?Part=44&Category=123704,,[''],[],
,,,,['STU014'],[],
,,,,['STU014'],[],
,,,['msds'],['STU014'],[],
,,,['rohs'],"['UC-K', 'UC-W']",[],
,,,['fcc'],"['UC-K', 'UC-W']",[],
,,,,"['UC-K', 'UC-W']",[],
,,,,"['UC-K', 'UC-W']",[],
,,,['bluetooth'],['TD-3140B'],"['US', 'UK', 'TW']",
,,,['ce'],['TD-3140B'],['UK'],
,,,['complianceOther'],['TD-3140B'],['UK'],EN 60601-1-2 : 2007/AC:2010 CISPR 11 : 2009+A1:2010 IEC 60601-1-2 : 2007 IEC 61000-4-2 : 2008 IEC 61000-4-3 : 2006+A1:2007+A2:2010 IEC 61000-4-8 : 2009
,,,['fcc'],['TD-3140B'],['US'],
,,,['complianceOther'],['TD-3140B'],['UK'],BS EN 62479:2010 Assessment of the compliance of low power electronic and electrical equipment with the basic restrictions related to human exposure to electromagnetic fields (10 MHz to 300 GHz)
,,,['complianceOther'],['TD-3140B'],[],IEC 60601-1 medical electrical equipment
,,,['complianceOther'],['TD-3140B'],[],IEC 60601-1-11 MEDICAL ELECTRICAL EQUIPMENT
,,,['complianceOther'],['TD-3140B'],"['TW', 'US', 'UK']",
,,,['complianceOther'],['TD-3140B'],['TW'],
,,,['complianceOther'],['TD-3140B'],['TW'],醫療器材許可證
,,,['umFile'],['TD-3140B'],['US'],
,,,['umFile'],['TD-3140B'],['US'],
,,,['umFile'],['TD-3140B'],['US'],
,,,['fda'],['TD-3140B'],['US'],
,,,['fda'],['TD-3140B'],['US'],
,,,['insurance'],['TD-3140B'],"['CA', 'DE', 'ES', 'FR', 'IT', 'TW', 'UK', 'US']",
,,,['insurance'],['TD-3140B'],"['CA', 'DE', 'ES', 'FR', 'IT', 'TW', 'UK', 'US']",
,,,['complianceOther'],['TD-3140B'],[],ISO 9001
,,http://www.gloryspa.com.tw/front/bin/ptdetail.phtml?Part=37&Category=123704,,[''],"['TW', 'US']",
,,,,['SUG007'],[],
,,,['OtherReferenceMaterialOther'],['SUG007'],[],
,,,['msds'],['SUG007'],[],
,,,['complianceOther'],['CUBE100'],['TW'],BSMI
,,,['complianceOther'],['CUBE100'],['TW'],BSMI
,,,['complianceOther'],['CUBE100'],['TW'],BSMI
,,,['complianceOther'],['CUBE100'],['US'],CB and UL
,,,['complianceOther'],['CUBE100'],['US'],CB and UL
,,,['complianceOther'],['CUBE100'],['US'],CB and UL
,,,['complianceOther'],['CUBE100'],['US'],CB and UL
,,,['fcc'],['CUBE100'],['US'],FCC
,,,['fcc'],['CUBE100'],['US'],FCC
,,,['fcc'],['CUBE100'],['US'],FCC
,,,['fcc'],['CUBE100'],['US'],FCC ID and FCC Part 15C
,,,['fcc'],['CUBE100'],['US'],FCC ID and FCC Part 15C
,,,['fcc'],['CUBE100'],['US'],FCC ID and FCC Part 15C
,,,['fcc'],['CUBE100'],['US'],FCC ID and FCC Part 15C
,,,['fcc'],['CUBE100'],['US'],FCC ID and FCC Part 15C
,,,['fcc'],['CUBE100'],['US'],FCC ID and FCC Part 15C
,,,['fcc'],['CUBE100'],['US'],FCC ID and FCC Part 15C
,,,['complianceOther'],['CUBE100'],['TW'],NCC and PSE
,,,['complianceOther'],['CUBE100'],['TW'],NCC and PSE
,,,['complianceOther'],['CUBE100'],[],Telec for Japan
,,,['complianceOther'],['CUBE100'],[],Telec for Japan
,,,['complianceOther'],['CUBE100'],[],Telec for Japan
,,,['complianceOther'],['CUBE100'],[],
,,,['umFile'],['CUBE100'],[],
,,,['rohs'],['major813'],"['US', 'FR', 'CA', 'DE', 'IT', 'TW', 'ES', 'UK']",
,,,['fcc'],['major813'],['US'],
,,,['ce'],['major813'],"['FR', 'DE', 'ES', 'IT', 'UK']",
,,https://drive.google.com/drive/folders/1KRKTXPq2hX4_GMI910FE7r1sP8Pn8BOV,['complianceOther'],['major813'],[],木盒材質說明
,,,['fcc'],['KAV-S7Q'],['US'],FCC certificate
,,,['fcc'],['KAV-S7Q'],['US'],FCC test report
,,,['complianceOther'],['KAV-S7Q'],[],QC2.0 certificate
,,,['complianceOther'],['KAV-S7Q'],[],QC2.0 test report
,,,['umFile'],['KAV-S7Q'],[],User Reference Guide
,,,['complianceOther'],['KAV-S7Q'],[],電源UL report
,,,['complianceOther'],['KAV-S7Q'],[],電源UL certificate
,,,['productPackageDesign'],['KAV-S7Q'],[],Package Labeling
,,,['productPackageDesign'],['KAV-S7Q'],[],Product Labeling
,,,['umFile'],['KAV-S7Q'],[],User Reference Guide
,,,['OtherReferenceMaterialOther'],['KAV-S7Q'],[],包裝指導
,,,['OtherReferenceMaterialOther'],['KAV-S7Q'],[],支援Quick Charge的裝置表
,,https://myviida.com/product/souffle-plate/,['fda'],"['', 'A0110202', 'A0110206', 'A0110201']",['US'],
,,,['fda'],"['A0110202', 'A0110206', 'A0110201']",['US'],
,,,['complianceOther'],"['A0110202', 'A0110206', 'A0110201']",['US'],CPSC
,,,['umFile'],['K5-2C'],['UK'],
,,,['umFile'],['K5-2C'],[],
,,,['umFile'],['K5-2C'],[],
,,,['umFile'],['K5-2C'],[],
,,,['productPackageDesign'],"['K5-2', 'K5-2C']",[],
,,,['productPackageDesign'],"['K5-2', 'K5-2C']",[],
,,,['productPackageDesign'],"['K5-2', 'K5-2C']",[],
,,,['OtherReferenceMaterialOther'],['K5-2C'],[],條碼貼紙
,,http://database.ul.com/cgi-bin/XYV/template/LISEXT/1FRAME/gfilenbr.html,['complianceOther'],"['S-610PB', 'S-610PW']",['US'],UL認證
,,,['umFile'],"['010101', '010102', '010103', '010104', '010105', '010106']",['US'],盒內說明書
,,,['productPackageDesign'],"['010101', '010102', '010103', '010104', '010105', '010106']",[],Labeling - 外盒及瓶上貼標圖片（文字見編號3）
,,https://docs.google.com/document/d/1qMC4njTYNYfdonaqIc_TNGZb7ahszmzVwcjcjSdR638/edit,['productPackageDesign'],"['010101', '010102', '010103', '010104', '010105', '010106']",[],Labeling - 文字
,,https://drive.google.com/drive/folders/0Bw57ghHK7C1iNUdZdVYwUTV0VjA,['OtherReferenceMaterialOther'],"['010101', '010102', '010103', '010104', '010105', '010106']",[],按摩功能圖-寫文稿可參考
,,https://docs.google.com/document/d/1ihfT1hpxitLqTPbptdSTQGfWk-tgEkvypkom9DX6jAs/edit,['umLink'],"['010101', '010102', '010103', '010104', '010105', '010106']",[],編號1的文字
,,,['fcc'],"['KEP06-5012-A4024BNA', 'KEP06-5012-A4024WNA', 'KEP08-5012-A4024BNA', 'KEP08-5012-A4024WNA', 'KEP10-5012-A4024BNA', 'KEP10-5012-A4024WNA', 'KEP12-5012-A4024BNA', 'KEP12-5012-A4024WNA', 'KEP16-5012-A4024BNA', 'KEP16-5012-A4024WNA', 'KEP18-5012-A4024BNA', 'KEP18-5012-A4024WNA', 'KEP22-5012-A4024BNA', 'KEP22-5012-A4024WNA']",['US'],FCC認證
,,,['umFile'],"['KEP06-5012-A4024BNA', 'KEP06-5012-A4024WNA', 'KEP08-5012-A4024BNA', 'KEP08-5012-A4024WNA', 'KEP10-5012-A4024BNA', 'KEP10-5012-A4024WNA', 'KEP12-5012-A4024BNA', 'KEP12-5012-A4024WNA', 'KEP16-5012-A4024BNA', 'KEP16-5012-A4024WNA', 'KEP18-5012-A4024BNA', 'KEP18-5012-A4024WNA', 'KEP22-5012-A4024BNA', 'KEP22-5012-A4024WNA']",[],安裝說明書(隨貨附)
,,,['productPackageDesign'],"['KEP06-5012-A4024BNA', 'KEP06-5012-A4024WNA', 'KEP08-5012-A4024BNA', 'KEP08-5012-A4024WNA', 'KEP10-5012-A4024BNA', 'KEP10-5012-A4024WNA', 'KEP12-5012-A4024BNA', 'KEP12-5012-A4024WNA', 'KEP16-5012-A4024BNA', 'KEP16-5012-A4024WNA', 'KEP18-5012-A4024BNA', 'KEP18-5012-A4024WNA', 'KEP22-5012-A4024BNA', 'KEP22-5012-A4024WNA']",[],產品包裝印刷
,,,['OtherReferenceMaterialOther'],"['00017B02S', '00017B02M']",[],
,,,['fcc'],['PIXIG01'],['US'],
,,,['fcc'],['PIXIG01'],['US'],
,,,['fcc'],['PIXIG01'],['US'],
,,,['complianceOther'],['PIXIG01'],['TW'],NCC
,,,['complianceOther'],['PIXIG01'],['TW'],NCC
,,,['complianceOther'],['PIXIG01'],[],Japan TELEC
,,,['complianceOther'],['PIXIG01'],[],Japan TELEC
,,,['complianceOther'],['PIXIG01'],"['TW', 'US', 'UK']",Battery MSDS
,,,['complianceOther'],['PIXIG01'],"['UK', 'US', 'TW']",Battery UN38.3 report
,,,['umFile'],"['PetUrn10BL', 'PetUrn10P', 'PetUrn10W', 'PetUrn20BL', 'PetUrn20P', 'PetUrn20W', 'PetUrn20BK', 'PetUrn20G']",['US'],產品卡（開罐說明）
,,,['fcc'],"['beseye-pro', 'beseye-pro-1']",['US'],
,,,['OtherReferenceMaterialOther'],"['beseye-pro', 'beseye-pro-1']",['US'],跟Beseye Next的比較圖
,,,['ce'],"['K408-14A', 'K408-14B', 'K408-14C', 'K408-14D']","['UK', 'IT', 'FR', 'DE', 'ES']",
,,,['fcc'],"['K408-14A', 'K408-14B', 'K408-14C', 'K408-14D']",['US'],
,,,['rohs'],"['K408-14A', 'K408-14B', 'K408-14C', 'K408-14D']","['UK', 'IT', 'FR', 'ES']",
,,,['umFile'],"['K408-14A', 'K408-14B', 'K408-14C', 'K408-14D']","['CA', 'US', 'UK']",說明書印刷檔
,,,['umFile'],"['K408-14A', 'K408-14B', 'K408-14C', 'K408-14D']","['UK', 'US', 'CA']",說明書製作檔
,,,['umFile'],"['K408-14A', 'K408-14B', 'K408-14C', 'K408-14D']","['CA', 'US', 'UK']",說明書製作檔
,,https://docs.google.com/spreadsheets/d/1-WqreECgTo-HWZPF20-PVvDfKReF1lF9wY9VhE6i91I/edit#gid=2004515414,['umLink'],"['K408-14A', 'K408-14B', 'K408-14C', 'K408-14D']",[],印刷說明
,,,['complianceOther'],[''],['US'],US 專利
,,,['complianceOther'],"['S150102-1', 'S150102-2', 'S150102-3']",['CA'],CA 商標
,,https://mega.nz/#!v9QWEArb!LD1q6ZlsmWyRqGIVPeHp8YF0N1pysU20HyTtFOwoNVw,['umLink'],"['S150102-1', 'S150102-2', 'S150102-3']","['CA', 'US']",
,,https://youtu.be/EwJtWhbS8JQ,['operationVideo'],"['S150102-1', 'S150102-2', 'S150102-3']","['CA', 'US']",
,,https://www.youtube.com/watch?v=dPPCkhG65gw,['marketingVideo'],[''],[],臺灣Dr. Hook掛鉤影片
,,,['complianceOther'],['SE01-001'],['US'],
,,,['fcc'],['PIXIHT1'],['US'],
,,,['fcc'],['PIXIHT1'],['US'],
,,,['fcc'],['PIXIHT1'],['US'],
,,,['complianceOther'],['PIXIHT1'],['TW'],NCC
,,,['complianceOther'],['PIXIHT1'],['TW'],NCC
,,,['complianceOther'],['PIXIHT1'],[],Japan TELEC
,,,['complianceOther'],['PIXIHT1'],[],Japan TELEC
,,,['complianceOther'],['PIXIHT1'],"['TW', 'UK', 'US']",Battery MSDS
,,,['complianceOther'],['PIXIHT1'],"['TW', 'US', 'UK']",Battery UN38.3 report
,,,['fda'],"['641-BK-S', '641-BK-M', '641-BK-L', '641-BK-XL', '641-BK-XXL']",[],
,,,,"['16147-20-09', '16147-20-11', '16147-50-09', '16147-50-11']",['US'],laundry label
,,,,"['00017G01S', '00017G01M']",[],
,,,['productPackageDesign'],"['VE1080-101', 'VE1080-102', 'VE1080-103', 'VE1080-104']",['US'],
,,https://drive.google.com/drive/folders/1qvKoZnky0wlq-SIRWu4Ixy1QTxhjboJx,['marketingVideo'],"['VE1080-101', 'VE1080-102', 'VE1080-103', 'VE1080-104']",['US'],行銷資料簡報檔
,,,['umFile'],"['56-01', '57-01', 'RW70056-01', 'RW70057-01']","['US', 'UK', 'TW']",
,,http://www.avidfit.net/download.php,['umLink'],"['RW70057-01', 'RW70056-01']","['TW', 'US', 'UK']",
,,,['umFile'],"['WLG', 'WLY', 'WLS']",[],
,,,['fcc'],[],['US'],
,,,['ce'],"['PB01C-S-1AB', 'PB01C-S-1AW']","['UK', 'DE', 'IT', 'ES', 'FR']",
,,,['bluetooth'],"['PB01C-S-1AB', 'PB01C-S-1AW']","['UK', 'US', 'DE']",
,,,['umFile'],"['PB01C-S-1AB', 'PB01C-S-1AW']","['UK', 'DE', 'US']",
,,,['productPackageDesign'],"['PB01C-S-1AB', 'PB01C-S-1AW']","['UK', 'DE', 'US']",外盒照片
,,https://drive.google.com/open?id=125OWCz5eAEs1Dh2qyerjMpiQjfdDWoCi,,"['MSE0402T', 'SE0602T', 'SE0802T', 'SE1002T', 'SE1202T', 'SE1602T']",[],ISO9001證書
,,,['complianceOther'],['K228-28'],"['US', 'UK']",
,,,['complianceOther'],['K228-28'],[],
,,,['complianceOther'],[''],['US'],
,,,['complianceOther'],"['S150104-1', 'S150104-2', 'S150104-3']",['CA'],
,,https://mega.nz/#!v9QWEArb!LD1q6ZlsmWyRqGIVPeHp8YF0N1pysU20HyTtFOwoNVw,['umLink'],"['S150104-1', 'S150104-2', 'S150104-3']","['CA', 'US']",
,,https://youtu.be/EwJtWhbS8JQ,['operationVideo'],"['S150104-1', 'S150104-2', 'S150104-3']","['CA', 'US']",
,,,['fda'],"['703-BK-XS', '703-BK-S', '703-BK-M', '703-BK-L', '703-BK-XL', '703-TAN-XS', '703-TAN-S', '703-TAN-M', '703-TAN-L', '703-TAN-XL']",[],
,,,['complianceOther'],['010'],[],Mimaki墨水認證資料
,,,['complianceOther'],['010'],[],Mimaki墨水認證資料
,,,['complianceOther'],['010'],[],Mimaki墨水認證資料
,,,['complianceOther'],['010'],[],Mimaki墨水認證資料
,,,['complianceOther'],['010'],[],Mimaki墨水認證資料
,,,['complianceOther'],['010'],[],Mimaki墨水認證資料
,,,['complianceOther'],['010'],[],Mimaki墨水認證資料
,,,['complianceOther'],['010'],[],Mimaki墨水認證資料
,,,['complianceOther'],['010'],[],Mimaki墨水認證資料
,,,['complianceOther'],['010'],[],Mimaki墨水認證資料
,,,['complianceOther'],['010'],[],
,,,['complianceOther'],['010'],[],
,,,['complianceOther'],['010'],[],
,,,['complianceOther'],['010'],[],
,,,['umFile'],"['HLB', 'HLK', 'HLP']","['CA', 'UK', 'US']",
,,,['umFile'],"['HLB', 'HLK', 'HLP']","['CA', 'UK', 'US']",
,,,['umFile'],"['HLB', 'HLK', 'HLP']","['CA', 'UK', 'US']",
,,,['umFile'],"['HLB', 'HLK', 'HLP']","['CA', 'US', 'UK']",
,,,['fda'],['FN-008CR-AG'],[],
,,,['msds'],['FN-008CR-AG'],[],
,,,['OtherReferenceMaterialOther'],['K423-1D'],['US'],條碼貼紙
,,,['complianceOther'],"['010', '020']",[],Mimaki墨水認證資料
,,,['complianceOther'],"['010', '020']",[],Mimaki墨水認證資料
,,,['complianceOther'],"['010', '020']",[],Mimaki墨水認證資料
,,,['complianceOther'],"['010', '020']",[],Mimaki墨水認證資料
,,,['complianceOther'],"['010', '020']",[],Mimaki墨水認證資料
,,,['complianceOther'],"['010', '020']",[],Mimaki墨水認證資料
,,,['complianceOther'],"['010', '020']",[],Mimaki墨水認證資料
,,,['complianceOther'],"['010', '020']",[],Mimaki墨水認證資料
,,,['complianceOther'],"['010', '020']",[],Mimaki墨水認證資料
,,,['complianceOther'],"['010', '020']",[],Mimaki墨水認證資料
,,,['complianceOther'],[],[],
,,,['complianceOther'],[],[],
,,,['complianceOther'],[],[],
,,,['complianceOther'],[],[],
,,https://www.youtube.com/watch?v=HlcWfeymE_s,['marketingVideo'],[],"['IT', 'CA', 'DE', 'TW', 'ES', 'UK', 'FR', 'US']",https://www.youtube.com/watch?v=HlcWfeymE_s
,,,['umFile'],"['KNB', 'KNK', 'KNP']","['CA', 'UK', 'US']",
,,,['umFile'],"['KNB', 'KNK', 'KNP']","['CA', 'US', 'UK']",
,,,['umFile'],"['KNB', 'KNK', 'KNP']","['CA', 'UK', 'US']",
,,,['umFile'],"['KNB', 'KNK', 'KNP']","['CA', 'US', 'UK']",
,,,['ce'],"['01A1BR26CWMG', '01A1BR26CWMB', '01A1BR26CWGD']",['UK'],
,,,['complianceOther'],"['01A1BR26CWMG', '01A1BR26CWMB', '01A1BR26CWGD']",[],CSR藍牙認證
,,,['fcc'],"['01A1BR26CWMG', '01A1BR26CWMB', '01A1BR26CWGD']",['US'],
,,,['fcc'],"['01A1BR26CWMG', '01A1BR26CWMB', '01A1BR26CWGD']",['US'],
,,,['complianceOther'],"['01A1BR26CWMG', '01A1BR26CWMB', '01A1BR26CWGD']",['TW'],BSMI
,,,['complianceOther'],"['01A1BR26CWMG', '01A1BR26CWMB', '01A1BR26CWGD']",['TW'],NCC
,,,['umFile'],"['01A1BR26CWMG', '01A1BR26CWMB', '01A1BR26CWGD']",[],
,,,['ncc'],"['QmoteS-Grey', 'QmoteS-Gold', 'QmoteS-Blue', 'QmoteS-Green']",['TW'],
,,,['bluetooth'],"['QmoteS-Grey', 'QmoteS-Gold', 'QmoteS-Blue', 'QmoteS-Green']","['TW', 'US', 'UK']",
,,,['ce'],"['QmoteS-Grey', 'QmoteS-Gold', 'QmoteS-Blue', 'QmoteS-Green']",['UK'],
,,,['rohs'],"['QmoteS-Grey', 'QmoteS-Gold', 'QmoteS-Blue', 'QmoteS-Green']",['UK'],
,,,['rohs'],"['QmoteS-Grey', 'QmoteS-Gold', 'QmoteS-Blue', 'QmoteS-Green']",['UK'],
,,,['rohs'],"['QmoteS-Grey', 'QmoteS-Gold', 'QmoteS-Blue', 'QmoteS-Green']",['UK'],
,,,['weee'],"['QmoteS-Grey', 'QmoteS-Gold', 'QmoteS-Blue', 'QmoteS-Green']",['UK'],
,,,['insurance'],"['QmoteS-Grey', 'QmoteS-Gold', 'QmoteS-Blue', 'QmoteS-Green']","['CA', 'DE', 'ES', 'FR', 'IT', 'TW', 'UK', 'US']",供應商填寫的保單資料
,,https://docs.google.com/spreadsheets/d/1-WqreECgTo-HWZPF20-PVvDfKReF1lF9wY9VhE6i91I/edit#gid=539267321,['OtherReferenceMaterialOther'],"['K151-17', 'K151-17A', 'K151-17B']",[],印刷說明
,,,['umFile'],"['K151-17', 'K151-17A', 'K151-17B']","['CA', 'TW', 'UK', 'US', 'FR', 'IT', 'DE', 'ES']",說明書製作檔
,,,['umFile'],"['K151-17', 'K151-17A', 'K151-17B']","['CA', 'US', 'TW', 'UK', 'ES', 'DE', 'IT', 'FR']",說明書印刷檔
,,,['fda'],"['A0110102', 'A0110106', 'A0110101']",['US'],
,,,['fda'],"['A0110102', 'A0110106', 'A0110101']",['US'],
,,,['complianceOther'],"['A0110102', 'A0110106', 'A0110101']",['US'],CPSC
,,,['OtherReferenceMaterialOther'],"['BESH-1205-Next-B', 'BESH-1205-Next-W']",['US'],跟Beseye Pro的比較圖
,,,['fcc'],"['BESH-1205-Next-B', 'BESH-1205-Next-W']","['CA', 'US']",FCC、ICES
,,,['ce'],"['BESH-1205-Next-B', 'BESH-1205-Next-W']",['UK'],
,,,['reach'],"['BESH-1205-Next-B', 'BESH-1205-Next-W']","['US', 'UK']",
,,,['rohs'],"['BESH-1205-Next-B', 'BESH-1205-Next-W']","['UK', 'US']",
,,,['productPackageDesign'],"['BESH-1205-Next-B', 'BESH-1205-Next-W']",[],
,,,['ncc'],"['BESH-1205-Next-B', 'BESH-1205-Next-W']",['TW'],
,,,['ce'],['S2C-EU'],"['UK', 'DE', 'ES', 'IT', 'FR']",
,,,['ce'],[''],['US'],
,,,['ce'],"['K408-3A', 'K408-3B', 'K408-3C', 'K408-3D']","['UK', 'IT', 'FR', 'DE', 'ES']",
,,,['fcc'],"['K408-3A', 'K408-3B', 'K408-3C', 'K408-3D']",['US'],
,,,['rohs'],"['K408-3A', 'K408-3B', 'K408-3C', 'K408-3D']","['UK', 'ES', 'FR', 'IT', 'DE']",
,,,['umFile'],"['K408-3A', 'K408-3B', 'K408-3C', 'K408-3D']","['UK', 'US', 'CA']",說明書印刷檔
,,,['umFile'],"['K408-3A', 'K408-3B', 'K408-3C', 'K408-3D']","['UK', 'US', 'CA']",說明書製作檔
,,,['umFile'],"['K408-3A', 'K408-3B', 'K408-3C', 'K408-3D']","['US', 'CA', 'UK']",說明書製作檔
,,,['umFile'],"['K408-3A', 'K408-3B', 'K408-3C', 'K408-3D']","['UK', 'US', 'CA']",說明書製作檔
,,,['umFile'],"['K408-3A', 'K408-3B', 'K408-3C', 'K408-3D']","['CA', 'US', 'UK']",說明書製作檔
,,https://docs.google.com/spreadsheets/d/1-WqreECgTo-HWZPF20-PVvDfKReF1lF9wY9VhE6i91I/edit#gid=471744259,['umLink'],"['K408-3A', 'K408-3B', 'K408-3C', 'K408-3D']",[],印刷說明
,,,['msds'],"['K408-3A', 'K408-3B', 'K408-3C', 'K408-3D']",[],
,,https://www.youtube.com/watch?v=HlcWfeymE_s,['marketingVideo'],[],"['CA', 'IT', 'DE', 'ES', 'UK', 'FR', 'US', 'TW']",https://www.youtube.com/watch?v=HlcWfeymE_s
,,https://myviida.com/product/souffie-cup/,['fda'],"['', 'A0110302', 'A0110306', 'A0110301']",['US'],
,,,['fda'],"['A0110302', 'A0110306', 'A0110301']",['US'],
,,,['complianceOther'],"['A0110302', 'A0110306', 'A0110301']",['US'],CPSC
,,,['ce'],['UG02'],"['UK', 'ES', 'DE', 'IT', 'FR']",
,,,['fcc'],['UG02'],['US'],
,,,['fcc'],"['ARK-P', 'ARK-G', 'ARK-K']",['US'],FCC證書
,,,['fcc'],"['ARK-P', 'ARK-G', 'ARK-K']",['US'],FCC 報告書
,,,['ce'],"['ARK-P', 'ARK-G', 'ARK-K']",['US'],CE證書
,,,['ce'],"['ARK-P', 'ARK-G', 'ARK-K']",['US'],CE 報告書
,,,['rohs'],"['A102001', 'A102004', 'A102006', 'A102008', 'A102010', 'A102013', 'A102014', 'A102015', 'A102016']",['US'],
,,,['fcc'],['XPUMP'],"['US', 'CA']",含加拿大ICES
,,,['complianceOther'],['XPUMP'],['US'],CEC（加洲能效認證）
,,,['ce'],['XPUMP'],"['DE', 'ES', 'IT', 'FR', 'UK']",CE證書
,,https://drive.google.com/drive/folders/0Bw57ghHK7C1iV3ZGX0JGak8wNHc,['productPackageDesign'],['XPUMP'],"['CA', 'DE', 'ES', 'TW', 'IT', 'US', 'FR', 'UK']",樣品的外盒套遺失，外包裝請見連結
,,,['ce'],['SFC160S-GL-BK'],"['DE', 'ES', 'IT', 'FR', 'UK']",
,,,['fcc'],['SFC160S-GL-BK'],['US'],
,,,['umFile'],['SFC160S-GL-BK'],['TW'],
,,,['bluetooth'],"['TF002P-S-1AB', 'TF002P-S-1AR', 'TF002P-S-1AY']","['UK', 'US', 'TW']",
,,,['ce'],"['TF002P-S-1AB', 'TF002P-S-1AR', 'TF002P-S-1AY']",['UK'],
,,,['ce'],"['TF002P-S-1AB', 'TF002P-S-1AR', 'TF002P-S-1AY']",['UK'],
,,,['ce'],"['TF002P-S-1AB', 'TF002P-S-1AR', 'TF002P-S-1AY']",['UK'],
,,,['ce'],"['TF002P-S-1AB', 'TF002P-S-1AR', 'TF002P-S-1AY']",['UK'],
,,,['fcc'],"['TF002P-S-1AB', 'TF002P-S-1AR', 'TF002P-S-1AY']",['US'],
,,,['fcc'],"['TF002P-S-1AB', 'TF002P-S-1AR', 'TF002P-S-1AY']",['US'],
,,,['fcc'],"['TF002P-S-1AB', 'TF002P-S-1AR', 'TF002P-S-1AY']",['US'],
,,,['fcc'],"['TF002P-S-1AY', 'TF002P-S-1AB', 'TF002P-S-1AR']",['US'],
,,,['fcc'],"['TF002P-S-1AB', 'TF002P-S-1AR', 'TF002P-S-1AY']",['US'],
,,,['fcc'],"['TF002P-S-1AY', 'TF002P-S-1AR', 'TF002P-S-1AB']",['US'],
,,,['ncc'],"['TF002P-S-1AY', 'TF002P-S-1AR', 'TF002P-S-1AB']",['TW'],
,,,['complianceOther'],"['S150301-1', 'S150301-2', 'S150301-3']",['CA'],US專利
,,,['complianceOther'],"['S150301-1', 'S150301-2', 'S150301-3']",['US'],CA商標
,,https://mega.nz/#!fhpikTLB!Vm5gF-w1yrvavPHSdPGTOg0Q2zefzGdL1n7n5VGsvV0,['umLink'],"['S150301-1', 'S150301-2', 'S150301-3']","['CA', 'US']",
,,https://youtu.be/28UW_2sIzYM,['operationVideo'],"['S150301-1', 'S150301-2', 'S150301-3']","['CA', 'US']",
,,,,"['16154-10-09', '16154-10-11', '16154-93-09', '16154-93-11']",['US'],
,,,['ce'],"['BEKER8G-B', 'BEKER8G-W']","['UK', 'DE', 'IT', 'FR', 'ES']",
,,,['rohs'],"['BEKER8G-B', 'BEKER8G-W']","['UK', 'DE', 'IT', 'FR', 'ES']",
,,https://www.youtube.com/watch?v=bzpSQbsCcEs,['operationVideo'],"['BEKER8G-B', 'BEKER8G-W']",[],https://www.youtube.com/watch?v=bzpSQbsCcEs
,,https://www.youtube.com/watch?v=GD7BWYdVubQ,['operationVideo'],"['BEKER8G-B', 'BEKER8G-W']",[],https://www.youtube.com/watch?v=GD7BWYdVubQ
,,https://www.youtube.com/watch?v=u18W2Om2cp4,['marketingVideo'],"['BEKER8G-B', 'BEKER8G-W']",[],https://www.youtube.com/watch?v=u18W2Om2cp4
,,,['umFile'],"['BEKER8G-B', 'BEKER8G-W']",[],
,,,['fcc'],"['BEKER8G-B', 'BEKER8G-W']",['US'],
,,,['complianceOther'],"['BEKER8G-B', 'BEKER8G-W']",['TW'],BSMI
,,,['umFile'],"['BEKER8G-B', 'BEKER8G-W']","['US', 'UK']",
,,,['umFile'],"['BEKER8G-B', 'BEKER8G-W']","['US', 'UK']",
,,,['umFile'],"['BEKER8G-B', 'BEKER8G-W']",['DE'],
,,,['umFile'],"['BEKER8G-B', 'BEKER8G-W']",['DE'],
,,,['complianceOther'],"['BEKER8G-B', 'BEKER8G-W']",['TW'],物流所需BSMI授權文件
,,,['umFile'],"['BEKER8G-B', 'BEKER8G-W']","['UK', 'US']",
,,,['umFile'],"['BEKER8G-B', 'BEKER8G-W']",['DE'],
,,,['fda'],"['708-BK-S', '708-BK-M', '708-BK-L', '708-BK-XL', '708-BK-XXL', '708-TAN-S', '708-TAN-M', '708-TAN-L', '708-TAN-XL', '708-TAN-XXL']",[],
,,,['complianceOther'],"['K408-1', 'K408-1A', 'K408-1B', 'K408-1C']",['US'],
,,,['complianceOther'],"['K408-1', 'K408-1A', 'K408-1B', 'K408-1C']",[],
,,,['complianceOther'],"['K408-1', 'K408-1A', 'K408-1B', 'K408-1C']",[],
,,,['complianceOther'],"['K408-1', 'K408-1A', 'K408-1B', 'K408-1C']",[],
,,,['ce'],"['K408-1', 'K408-1A', 'K408-1B', 'K408-1C']","['DE', 'ES', 'IT', 'FR', 'UK']",
,,,['rohs'],"['K408-1', 'K408-1A', 'K408-1B', 'K408-1C']",[],
,,,['msds'],"['K408-1', 'K408-1A', 'K408-1B', 'K408-1C']",[],
,,,['umFile'],"['K408-1', 'K408-1A', 'K408-1B', 'K408-1C']","['US', 'UK', 'CA']",說明書印刷檔
,,,['umFile'],"['K408-1', 'K408-1A', 'K408-1B', 'K408-1C']","['CA', 'US', 'UK']",說明書製作檔
,,https://docs.google.com/spreadsheets/d/1-WqreECgTo-HWZPF20-PVvDfKReF1lF9wY9VhE6i91I/edit#gid=2004515414,['umLink'],"['K408-1', 'K408-1A', 'K408-1B', 'K408-1C']","['UK', 'CA', 'US']",印刷說明
,,,['umFile'],"['K408-7A', 'K408-7B', 'K408-7C', 'K480-7D', 'K408-7E', 'K408-7F']","['UK', 'CA', 'US']",說明書製作檔
,,,['umFile'],"['K408-7A', 'K408-7B', 'K408-7C', 'K480-7D', 'K408-7E', 'K408-7F']","['CA', 'US', 'UK']",說明書印刷檔
,,https://docs.google.com/spreadsheets/d/1-WqreECgTo-HWZPF20-PVvDfKReF1lF9wY9VhE6i91I/edit#gid=458643970,['umLink'],"['K408-7A', 'K408-7B', 'K408-7C', 'K480-7D', 'K408-7E', 'K408-7F']","['CA', 'US', 'UK']",印刷說明
,,,['rohs'],['major913'],"['CA', 'FR', 'US', 'DE', 'IT', 'TW', 'ES', 'UK']",
,,,['fcc'],['major913'],['US'],
,,,['ce'],['major913'],"['FR', 'IT', 'DE', 'ES', 'UK']",
,,https://drive.google.com/drive/folders/1KRKTXPq2hX4_GMI910FE7r1sP8Pn8BOV,['complianceOther'],['major913'],[],木盒材質說明
,,,['complianceOther'],"['SVM-01A-B', 'SVM-01A-S']",['TW'],BSMI
,,,['complianceOther'],"['SVM-01A-B', 'SVM-01A-S']",['TW'],BSMI
,,,['complianceOther'],"['SVM-01A-B', 'SVM-01A-S']",['TW'],BSMI（型式認可證書）
,,,['fcc'],"['SVM-01A-B', 'SVM-01A-S']",['US'],
,,,['complianceOther'],"['SVM-01A-S', 'SVM-01A-B']",[],Japan VCCI
,,,['complianceOther'],"['SVM-01A-S', 'SVM-01A-B']",['UK'],EMC
,,,['umFile'],"['SVM-01A-B', 'SVM-01A-S']",[],
,,,['OtherReferenceMaterialOther'],"['SVM-01A-S', 'SVM-01A-B']",[],
,,,['complianceOther'],"['SVM-01A-B', 'SVM-01A-S']","['CA', 'DE', 'ES', 'FR', 'IT', 'TW', 'UK', 'US']",雷射 Class I
,,,['rohs'],"['SVM-01A-B', 'SVM-01A-S']",['UK'],
,,,['rohs'],"['SVM-01A-B', 'SVM-01A-S']",['UK'],
,,,['rohs'],"['SVM-01A-B', 'SVM-01A-S']",['UK'],
,,,['rohs'],"['SVM-01A-S', 'SVM-01A-B']",['UK'],
,,,['rohs'],"['SVM-01A-B', 'SVM-01A-S']",['UK'],
,,,['rohs'],"['SVM-01A-B', 'SVM-01A-S']",['UK'],
,,,['rohs'],"['SVM-01A-B', 'SVM-01A-S']",['UK'],
,,,['msds'],"['SVM-01A-B', 'SVM-01A-S']","['CA', 'DE', 'ES', 'FR', 'IT', 'TW', 'UK', 'US']",
,,,['complianceOther'],"['SVM-01A-B', 'SVM-01A-S']",[],
,,,['insurance'],"['SVM-01A-B', 'SVM-01A-S']","['CA', 'DE', 'ES', 'FR', 'IT', 'TW', 'UK', 'US']",供應商填寫的保單資料
,,,['insurance'],"['SVM-01A-B', 'SVM-01A-S']","['CA', 'DE', 'ES', 'FR', 'IT', 'TW', 'UK', 'US']",
,,,['insurance'],"['SVM-01A-B', 'SVM-01A-S']","['CA', 'DE', 'ES', 'FR', 'IT', 'TW', 'UK', 'US']",
,,,['insurance'],"['SVM-01A-B', 'SVM-01A-S']","['CA', 'DE', 'ES', 'FR', 'IT', 'TW', 'UK', 'US']",
,,,['insurance'],"['SVM-01A-B', 'SVM-01A-S']","['CA', 'DE', 'ES', 'FR', 'IT', 'TW', 'UK', 'US']",
,,https://youtu.be/U5ynDXHQvSw,['marketingVideo'],"['AW88A2-PA', 'AW88A2-PB']",[],安裝影片
,,https://www.youtube.com/watch?v=HlcWfeymE_s,['marketingVideo'],[],"['CA', 'IT', 'DE', 'TW', 'ES', 'UK', 'FR', 'US']",https://www.youtube.com/watch?v=HlcWfeymE_s
,,,['specificationTable'],['BL0504DRx2'],[],簡易說明
,,,['OtherReferenceMaterialOther'],['BL0504DRx2'],[],應用
,,,['fda'],"['728-BK-S', '728-BK-M', '728-BK-L', '728-BK-XL']",[],
,,https://drive.google.com/drive/folders/1GS02Ku_AjXG5-WFBo2XiJ-lA1Ad18tH7,['ce'],"['RIH6001-DE', 'RIH6001-FR']","['DE', 'ES', 'IT', 'FR', 'UK']",
,,https://docs.google.com/spreadsheets/d/1F5lpJCIWRNZ6L9uHUFRBaie-YTJcOvFDS0cG35_erAM/edit#gid=0,['OtherReferenceMaterialOther'],"['RIH6001-DE', 'RIH6001-FR']",[],各國EAN一覽表
,,,['fda'],['C-RTL10370'],[],
,,,['msds'],['C-RTL10370'],[],
,,,['ce'],[],[],
,,,['fcc'],['W9'],[],
,,,['rohs'],['W9'],[],
,,http://www.weeview.co/eng/support_detail.php?PKey=34c6u4bpBQl69bYU2j2aV-cQoDlEEkwWoxoaJnYBEw,['umLink'],['W9'],[],
,,https://www.youtube.com/watch?v=_zgTp6AospU,['marketingVideo'],['W9'],[],
,,,['OtherReferenceMaterialOther'],"['GTD-2X260NRX41C-DX1', 'GTD-4X530NRX91C-DX1']",['US'],UL
,,,['OtherReferenceMaterialOther'],"['GTD-2X260NRX41C-DX1', 'GTD-4X530NRX91C-DX1']",['US'],UL
,,,['rohs'],"['GTD-2X260NRX41C-DX1', 'GTD-4X530NRX91C-DX1']",['UK'],
,,,['OtherReferenceMaterialOther'],"['GTD-2X260NRX41C-DX1', 'GTD-4X530NRX91C-DX1']",[],產品材積
,,,['specificationTable'],"['GTD-2X260NRX41C-DX1', 'GTD-4X530NRX91C-DX1']",[],產品規格
,,,['fda'],"['775-BL-S', '775-BL-M', '775-BL-L', '775-BL-XL']",[],
,,,['OtherReferenceMaterialOther'],"['MP-01R', 'MP-01B', 'MP-01W', 'MP-01R-new']",['US'],
,,,['OtherReferenceMaterialOther'],"['MP-01R', 'MP-01B', 'MP-01W', 'MP-01R-new']",['US'],
,,,['fda'],"['MP-01R', 'MP-01B', 'MP-01W', 'MP-01R-new']",['US'],
,,,['umFile'],"['MP-01R', 'MP-01B', 'MP-01W', 'MP-01R-new']",['US'],
,,,['ncc'],"['MP-01R', 'MP-01B', 'MP-01W', 'MP-01R-new']",['TW'],
,,,['fcc'],"['MP-01R', 'MP-01B', 'MP-01W', 'MP-01R-new']",['US'],
,,,['fcc'],"['MP-01R', 'MP-01B', 'MP-01W', 'MP-01R-new']",['US'],
,,,['umFile'],"['SVK-01A-EP-B', 'SVK-01A-EP-W']",[],
,,https://www.youtube.com/watch?v=W2-PdUf1IGg,['operationVideo'],"['SVK-01A-EP-B', 'SVK-01A-EP-W']",[],
,,https://drive.google.com/open?id=0B0-cxnLOlKPeZ0RKVWR3WWtwZlU,['marketingVideo'],"['SVK-01A-EP-B', 'SVK-01A-EP-W']",[],
,,https://drive.google.com/drive/folders/0B0-cxnLOlKPeM2NhaVdrdjd4NDA,['OtherReferenceMaterialOther'],"['SVK-01A-EP-B', 'SVK-01A-EP-W']",[],媒體素材
,,,['OtherReferenceMaterialOther'],"['SVK-01A-EP-B', 'SVK-01A-EP-W']",[],FAQ
,,,['fcc'],"['SVK-01A-EP-B', 'SVK-01A-EP-W']",[],
,,,['ce'],"['SVK-01A-EP-B', 'SVK-01A-EP-W']",[],EMC
,,,['ce'],"['SVK-01A-EP-B', 'SVK-01A-EP-W']",[],RF
,,,['fcc'],"['SVK-01A-EP-B', 'SVK-01A-EP-W']",[],BT 4.0
,,,['fcc'],"['SVK-01A-EP-B', 'SVK-01A-EP-W']",[],BT 4.0
,,,['fcc'],"['SVK-01A-EP-B', 'SVK-01A-EP-W']",[],
,,,['ncc'],"['SVK-01A-EP-B', 'SVK-01A-EP-W']",[],
,,,['fda'],['781-BK-F'],[],
,,,['OtherReferenceMaterialOther'],['B05005'],[],SGS
,,,['fda'],"['776-BK-S', '776-BK-M', '776-BK-L', '776-BK-XL', '776-BL-S', '776-BL-M', '776-BL-L', '776-BL-XL']",[],
,,,['specificationTable'],"['TH001-S-BL', 'TH001-S-TB', 'TH001-S-MG', 'TH001-S-OR', 'TH001-S-SI']","['US', 'UK']",產品介紹
,,https://drive.google.com/drive/u/0/folders/0Bw57ghHK7C1ieGtUT1lIaV83bjQ,['productPackageDesign'],"['TH001-S-BL', 'TH001-S-TB', 'TH001-S-MG', 'TH001-S-OR', 'TH001-S-SI']","['UK', 'US', 'DE']",產品包裝連結
,,,['umFile'],['EL-104R-0001'],['TW'],睛遠寶繁體說明書
,,,['umFile'],['EL-104R-0001'],[],睛遠寶簡體說明書
,,,['OtherReferenceMaterialOther'],['EL-104R-0001'],['TW'],睛遠寶產品簡介
,,,['umFile'],['EL-104R-0001'],"['US', 'UK']",睛遠寶英文說明書
,,,['rohs'],['EL-104R-0001'],"['US', 'FR', 'IT', 'DE', 'CA', 'ES', 'UK']",
,,,['reach'],['EL-104R-0001'],"['UK', 'ES', 'DE', 'IT', 'FR', 'CA', 'US']",
,,,['productPackageDesign'],['EL-104R-0001'],['US'],
,,,['productPackageDesign'],['EL-104R-0001'],['US'],
,,https://www.youtube.com/watch?v=dPPCkhG65gw,['marketingVideo'],[''],[],臺灣Dr. Hook掛鉤影片
,,,['msds'],['DL1AA040001T'],[],
,,https://drive.google.com/open?id=125OWCz5eAEs1Dh2qyerjMpiQjfdDWoCi,,"['ISE1-16-2T', 'ISE5-64-2T', 'ISE3-32-2T', 'ISE7-64-2T', 'ISE1-8-2T', 'ISE3-16-2T', 'ISE1-4-2T', 'ISE5-16-2T', 'ISE3-8-2T', 'ISE1-2-2T', 'ISE5-8-2T']",[],ISO9001證書
,,,"['ce', 'rohs', 'fcc']","['', 'DL-032-BK', 'DL-032-WT', 'DL-032-BU', 'DL-032-RD']","['UK', 'US']",
,,,['OtherReferenceMaterialOther'],"['DL-032-WT', 'DL-032-BK', 'DL-032-BU', 'DL-032-RD']","['UK', 'US']",行銷資料簡報
,,,['fcc'],"['Spectra-TypeA-B', 'Spectra-Micro-B']","['US', 'CA']",Certificate of Conformity
,,,['fcc'],"['Spectra-TypeA-B', 'Spectra-Micro-B']","['US', 'CA']",FCC DoC Test Report (including ICES-003)
,,,['ce'],"['Spectra-TypeA-B', 'Spectra-Micro-B']","['UK', 'DE', 'ES', 'FR', 'IT']",Certificate of Conformity
,,,['ce'],"['Spectra-TypeA-B', 'Spectra-Micro-B']","['UK', 'ES', 'DE', 'IT', 'FR']",CE EMC Test Report
,,,['OtherReferenceMaterialOther'],"['Spectra-TypeA-B', 'Spectra-Micro-B']",[],Equipment Under Test Photo
,,,['umFile'],"['Spectra-TypeA-B', 'Spectra-Micro-B']",[],
,,https://www.youtube.com/watch?v=HlcWfeymE_s,['marketingVideo'],[],"['CA', 'IT', 'DE', 'ES', 'UK', 'FR', 'US', 'TW']",https://www.youtube.com/watch?v=HlcWfeymE_s
,,,['msds'],['PLB-102'],[],
,,https://www.youtube.com/watch?v=dPPCkhG65gw,['marketingVideo'],[''],[],臺灣Dr. Hook掛鉤影片
,,,['msds'],['DL1AA050001T'],[],
,,https://drive.google.com/open?id=125OWCz5eAEs1Dh2qyerjMpiQjfdDWoCi,,"['ISE1-16-4T', 'ISE5-64-4T', 'ISE3-32-4T', 'ISE7-64-4T', 'ISE1-8-4T', 'ISE3-16-4T', 'ISE1-4-4T', 'ISE5-16-4T', 'ISE3-8-4T', 'ISE1-2-4T', 'ISE5-8-4T']",[],ISO9001證書
,,,['fda'],"['4651132', '4651133', '4651134', '4651135']",['US'],FDA 合格認證襪廠
,,,['OtherReferenceMaterialOther'],[],[],OEKO-TEX 檢測
,,,['fda'],"['6452336', '6452335', '6452334', '6452333', '6452332']",['US'],FDA 合格認證襪廠 LIYING
,,,['OtherReferenceMaterialOther'],"['6452336', '6452335', '6452334', '6452333', '6452332']",[],OEKO-TEX 檢測
,,,['msds'],['DL1AB080001T'],[],
,,,['fda'],"['6552331', '6552332', '6552333', '6552334', '6552335', '6552131', '6552132', '6552133', '6552134', '6552135']",['US'],FDA 合格認證襪廠
,,,['OtherReferenceMaterialOther'],"['6552331', '6552332', '6552333', '6552334', '6552335', '6552131', '6552133', '6552132', '6552134', '6552135']",[],OEKO-TEX 檢測
,,,"['ce', 'rohs', 'fcc']","['DL-033-BK', 'DL-033-BU', 'DL-033-RD', 'DL-033-WT']","['US', 'UK']",
,,,['OtherReferenceMaterialOther'],"['DL-033-BK', 'DL-033-BU', 'DL-033-RD', 'DL-033-WT']","['UK', 'US']",行銷資料
,,,['msds'],"['ECM09012025DG', 'ECM09180025DG']",[],
,,,['OtherReferenceMaterialOther'],"['ECM09012025DG', 'ECM09180025DG']",[],
,,,['msds'],['PLB-103'],[],
,,https://drive.google.com/open?id=125OWCz5eAEs1Dh2qyerjMpiQjfdDWoCi,['complianceOther'],"['IAUE1-8-3', 'IAUE3-16-3', 'IAUE1-4-3', 'IAUE5-16-3', 'IAUE3-8-3', 'IAUE1-2-3', 'IAUE5-8-3']",[],ISO9001證書
,,https://drive.google.com/drive/folders/1rwkW6tyy6oqKG731yEIKVMQKGBdnTyL9,['ce'],"['RIH6008-DE', 'RIH6008-FR', 'RIH6008-UK']","['DE', 'ES', 'IT', 'FR', 'UK']",
,,,['OtherReferenceMaterialOther'],"['RIH6008-DE', 'RIH6008-FR', 'RIH6008-UK']","['CA', 'DE', 'ES', 'UK', 'TW', 'IT', 'FR', 'US']",
,,https://docs.google.com/spreadsheets/d/1F5lpJCIWRNZ6L9uHUFRBaie-YTJcOvFDS0cG35_erAM/edit#gid=0,['OtherReferenceMaterialOther'],"['RIH6008-DE', 'RIH6008-FR', 'RIH6008-UK']","['UK', 'DE', 'FR']",各國EAN一覽表
,,https://drive.google.com/drive/folders/1l-qCVJPyww_gyaCrQTO6kxlqDP6FocGc,['productPackageDesign'],"['RIH6008-DE', 'RIH6008-FR', 'RIH6008-UK']","['UK', 'DE', 'FR']",
,,https://drive.google.com/drive/folders/19dhjo1D7wbslc0Gnk0pUMF6h_TPjiITk,['umFile'],"['RIH6008-DE', 'RIH6008-FR', 'RIH6008-UK']","['UK', 'DE', 'FR']",
,,,['msds'],['CL01'],['US'],MSDS成份分析
,,,['complianceOther'],['CL01'],[],不含壬基酚
,,,['complianceOther'],['CL01'],[],不含重金屬
,,,['complianceOther'],['CL01'],[],不含螢光劑
,,,['complianceOther'],['CL01'],[],不含磷酸鹽
,,https://myviida.com/product/souffle-utensilset/,['fda'],"['', 'A0120502', 'A0120506', 'A0120501']",['US'],
,,https://myviida.com/product/souffle-utensilset/,['fda'],"['A0120502', 'A0120506', 'A0120501']",['US'],
,,,['complianceOther'],"['A0120502', 'A0120506', 'A0120501']",['US'],CPSC
,,,['fcc'],"['VS1480-201', 'VS1480-202']",['US'],
,,,['fcc'],"['VS1480-201', 'VS1480-202']",['US'],
,,,['fcc'],"['VS1480-201', 'VS1480-202']",['US'],
,,,['fcc'],"['VS1480-201', 'VS1480-202']",['US'],
,,,['productPackageDesign'],"['VS1480-201', 'VS1480-202']",['US'],
,,,['ncc'],"['VS1480-201', 'VS1480-202']",['TW'],
,,,['umFile'],"['VS1480-201', 'VS1480-202']","['TW', 'US']",
,,https://drive.google.com/drive/folders/1qvKoZnky0wlq-SIRWu4Ixy1QTxhjboJx,['marketingVideo'],"['VS1480-201', 'VS1480-202']",['US'],行銷資料簡報檔
,,https://drive.google.com/drive/folders/1_VLaxxIbIIaHcyW1FFVOeGW5ELPM9r4e,['ce'],"['RIH6009-DE', 'RIH6009-FR', 'RIH6009-UK']","['FR', 'IT', 'DE', 'ES', 'UK']",
,,https://docs.google.com/spreadsheets/d/1F5lpJCIWRNZ6L9uHUFRBaie-YTJcOvFDS0cG35_erAM/edit#gid=0,['OtherReferenceMaterialOther'],"['RIH6009-DE', 'RIH6009-FR', 'RIH6009-UK']","['UK', 'DE', 'FR']",各國EAN一覽表
,,https://drive.google.com/drive/folders/1l-qCVJPyww_gyaCrQTO6kxlqDP6FocGc,['productPackageDesign'],"['RIH6009-DE', 'RIH6009-FR', 'RIH6009-UK']","['UK', 'DE', 'FR']",
,,https://drive.google.com/drive/folders/19dhjo1D7wbslc0Gnk0pUMF6h_TPjiITk,['umFile'],"['RIH6009-DE', 'RIH6009-FR', 'RIH6009-UK']","['UK', 'DE', 'FR']",
,,,['rohs'],['major0116'],"['US', 'FR', 'CA', 'DE', 'IT', 'ES', 'TW', 'UK']",
,,,['fcc'],['major0116'],['US'],
,,,['ce'],['major0116'],"['UK', 'FR', 'IT', 'DE', 'ES']",
,,https://drive.google.com/drive/folders/1KRKTXPq2hX4_GMI910FE7r1sP8Pn8BOV,['complianceOther'],['major0116'],[],木盒材質說明
,,,['fcc'],"['DN-032-BK', 'DN-032-BU', 'DN-032-RD', 'DN-032-WT']",['US'],
,,,['ce'],"['DN-032-BK', 'DN-032-BU', 'DN-032-RD', 'DN-032-WT']","['ES', 'UK', 'DE', 'IT', 'FR']",
,,,['complianceOther'],"['DN-032-BK', 'DN-032-BU', 'DN-032-RD', 'DN-032-WT']","['US', 'FR', 'CA', 'DE', 'IT', 'TW', 'ES', 'UK']",RoHS
,,,['OtherReferenceMaterialOther'],"['DN-032-BK', 'DN-032-BU', 'DN-032-RD', 'DN-032-WT']","['UK', 'US']",行銷資料
,,,['rohs'],['major514'],"['CA', 'FR', 'US', 'IT', 'DE', 'ES', 'TW', 'UK']",
,,,['fcc'],['major514'],['US'],
,,,['ce'],['major514'],"['FR', 'DE', 'ES', 'IT', 'UK']",
,,https://drive.google.com/drive/folders/1KRKTXPq2hX4_GMI910FE7r1sP8Pn8BOV,['complianceOther'],['major514'],[],木盒材質說明
,,,['umFile'],['K132-4'],[],
,,,['umFile'],['K132-4'],[],
,,,['OtherReferenceMaterialOther'],['K132-4'],[],條碼貼紙
,,,['complianceOther'],"['K448-1A', 'K448-1B', 'K448-1C']","['CA', 'FR', 'US', 'DE', 'IT', 'ES', 'TW', 'UK']",testing report
,,,['msds'],"['K448-1A', 'K448-1B', 'K448-1C']","['CA', 'DE', 'IT', 'ES', 'TW', 'FR', 'US', 'UK']",
,,,['msds'],"['K448-1A', 'K448-1B', 'K448-1C']","['ES', 'DE', 'CA', 'FR', 'US', 'IT', 'TW', 'UK']",
,,,['umFile'],"['K448-1A', 'K448-1B', 'K448-1C']","['CA', 'DE', 'ES', 'TW', 'IT', 'FR', 'US', 'UK']",說明書印刷檔
,,https://docs.google.com/spreadsheets/d/1-WqreECgTo-HWZPF20-PVvDfKReF1lF9wY9VhE6i91I/edit#gid=0,['umLink'],"['K448-1A', 'K448-1B', 'K448-1C']","['CA', 'DE', 'ES', 'UK', 'TW', 'IT', 'FR', 'US']",印刷說明
,,,['umFile'],"['K448-1A', 'K448-1B', 'K448-1C']","['US', 'FR', 'CA', 'DE', 'IT', 'TW', 'ES', 'UK']",說明書製作檔
,,,['OtherReferenceMaterialOther'],"['AWK-FZ-05039070', 'AWK-FZ-05039080', 'AWK-FZ-05039170', 'AWK-FZ-05039180', 'AWK-FZ-05039270', 'AWK-FZ-05039280']",[],
,,,['OtherReferenceMaterialOther'],"['AWK-FZ-05039070', 'AWK-FZ-05039080', 'AWK-FZ-05039170', 'AWK-FZ-05039180', 'AWK-FZ-05039270', 'AWK-FZ-05039280']",[],
,,,['OtherReferenceMaterialOther'],"['AWK-FZ-05039070', 'AWK-FZ-05039080', 'AWK-FZ-05039170', 'AWK-FZ-05039180', 'AWK-FZ-05039270', 'AWK-FZ-05039280']",[],
,,,['msds'],"['AWK-FZ-05039070', 'AWK-FZ-05039080', 'AWK-FZ-05039170', 'AWK-FZ-05039180', 'AWK-FZ-05039270', 'AWK-FZ-05039280']",[],
,,,['OtherReferenceMaterialOther'],"['AWK-FZ-05039070', 'AWK-FZ-05039080', 'AWK-FZ-05039170', 'AWK-FZ-05039180', 'AWK-FZ-05039270', 'AWK-FZ-05039280']",[],
,,,['OtherReferenceMaterialOther'],"['AWK-FZ-05039070', 'AWK-FZ-05039080', 'AWK-FZ-05039170', 'AWK-FZ-05039180', 'AWK-FZ-05039270', 'AWK-FZ-05039280']",[],
,,,['productPackageDesign'],"['AWK-FZ-05039070', 'AWK-FZ-05039080', 'AWK-FZ-05039170', 'AWK-FZ-05039180', 'AWK-FZ-05039270', 'AWK-FZ-05039280']",[],
,,,['marketingVideo'],"['AWK-FZ-05039070', 'AWK-FZ-05039080', 'AWK-FZ-05039170', 'AWK-FZ-05039180', 'AWK-FZ-05039270', 'AWK-FZ-05039280']",[],
,,,['marketingVideo'],"['AWK-FZ-05039070', 'AWK-FZ-05039080', 'AWK-FZ-05039170', 'AWK-FZ-05039180', 'AWK-FZ-05039270', 'AWK-FZ-05039280']",[],
,,,['OtherReferenceMaterialOther'],"['AWK-FZ-05039070', 'AWK-FZ-05039080', 'AWK-FZ-05039170', 'AWK-FZ-05039180', 'AWK-FZ-05039270', 'AWK-FZ-05039280']",[],
,,,['OtherReferenceMaterialOther'],"['AWK-FZ-05039070', 'AWK-FZ-05039080', 'AWK-FZ-05039170', 'AWK-FZ-05039180', 'AWK-FZ-05039270', 'AWK-FZ-05039280']",[],防燃測試的討論
,,,,['PTGR001'],"['TW', 'CA', 'US']",農殘檢測_日規
,,,['rohs'],['MV-01'],['US'],
,,,['umFile'],['MV-01'],['US'],
,,,['complianceOther'],"['DH-700-2W', 'DH-700-2VP']","['UK', 'US', 'TW']",MSDS of Glue
,,,['rohs'],"['DH-700-2VP', 'DH-700-2W']","['TW', 'UK']",
,,,['complianceOther'],"['DH-700-2W', 'DH-700-2VP']","['UK', 'US', 'TW']",
,,,['reach'],"['DH-700-2W', 'DH-700-2VP']","['TW', 'UK']",
,,https://drive.google.com/drive/folders/0B2xj9pl50PgvWGxjdHRLNXRkTTg,['complianceOther'],['ME-200P'],"['US', 'UK']",電池文件
,,,['fcc'],"['VS1880-201', 'VS1880-202']",['US'],
,,,['fcc'],"['VS1880-201', 'VS1880-202']",['US'],
,,,['fcc'],"['VS1880-201', 'VS1880-202']",['US'],
,,,['fcc'],"['VS1880-201', 'VS1880-202']",['US'],
,,,['productPackageDesign'],"['VS1880-201', 'VS1880-202']",['US'],
,,,['umFile'],"['VS1880-201', 'VS1880-202']","['TW', 'US']",
,,,['ncc'],"['VS1880-201', 'VS1880-202']",['TW'],
,,https://drive.google.com/drive/folders/1qvKoZnky0wlq-SIRWu4Ixy1QTxhjboJx,['marketingVideo'],"['VS1880-201', 'VS1880-202']",['US'],行銷資料簡報檔
,,,,['FWP7300'],[],
,,,,['FWP7300'],[],
,,,,['FWP7300'],[],
,,,,['FWP7300'],[],
,,,['umFile'],"['SLuFassW1CY24001', 'SLuFassW1CY24002']",['US'],未校稿版
,,https://drive.google.com/open?id=125OWCz5eAEs1Dh2qyerjMpiQjfdDWoCi,['complianceOther'],"['AUE0303', 'AUE0403', 'AUE0603', 'AUE0803', 'AUE1003', 'AUE1203', 'AUE1603']",[],ISO9001證書
,,https://drive.google.com/drive/folders/0B2xj9pl50PgvWGxjdHRLNXRkTTg,['complianceOther'],['ME-700'],"['US', 'UK']",電池文件
,,,,['FWP8300'],[],
,,,,['FWP8300'],[],
,,,,['FWP8300'],[],
,,,['fcc'],['MS-2'],['US'],
,,,['rohs'],['MS-2'],['US'],
,,,['umFile'],['MS-2'],['US'],
,,,['fcc'],"['VD6880-201', 'VD6880-202']",['US'],
,,,['fcc'],"['VD6880-201', 'VD6880-202']",['US'],
,,,['fcc'],"['VD6880-201', 'VD6880-202']",['US'],
,,,['fcc'],"['VD6880-201', 'VD6880-202']",['US'],
,,,['productPackageDesign'],"['VD6880-201', 'VD6880-202']",['US'],
,,,['umFile'],"['VD6880-201', 'VD6880-202']","['US', 'TW']",
,,,['ncc'],"['VD6880-201', 'VD6880-202']",['TW'],
,,https://drive.google.com/drive/folders/1qvKoZnky0wlq-SIRWu4Ixy1QTxhjboJx,['marketingVideo'],"['VD6880-201', 'VD6880-202']",['US'],行銷資料簡報檔
,,,['rohs'],['major613'],"['CA', 'FR', 'US', 'IT', 'DE', 'ES', 'TW', 'UK']",
,,,['fcc'],['major613'],['US'],
,,,['ce'],['major613'],"['FR', 'DE', 'IT', 'ES', 'UK']",
,,https://drive.google.com/drive/folders/1KRKTXPq2hX4_GMI910FE7r1sP8Pn8BOV,['complianceOther'],['major613'],[],木盒材質說明
,,,['fcc'],"['', 'MS-01']",['US'],
,,,['rohs'],['MS-01'],['US'],
,,,['umFile'],['MS-01'],['US'],
,,https://drive.google.com/open?id=125OWCz5eAEs1Dh2qyerjMpiQjfdDWoCi,['complianceOther'],"['IPVE1-4-4', 'IPVE5-16-4', 'IPVE3-8-4', 'IPVE1-2-4', 'IPVE5-8-4']",[],ISO9001證書
,,https://docs.google.com/spreadsheets/d/1F5lpJCIWRNZ6L9uHUFRBaie-YTJcOvFDS0cG35_erAM/edit#gid=0,,"['RIH6010-DE', 'RIH6010-FR', 'RIH6010-UK']","['UK', 'DE', 'FR']",各國EAN一覽表
,,https://drive.google.com/drive/folders/1FGACi4DTH8--ihy5hSUwcdXFL-Q8Sf8S,['ce'],"['RIH6010-DE', 'RIH6010-FR', 'RIH6010-UK']","['UK', 'FR', 'DE']",
,,https://drive.google.com/drive/folders/1l-qCVJPyww_gyaCrQTO6kxlqDP6FocGc,['productPackageDesign'],"['RIH6010-DE', 'RIH6010-FR', 'RIH6010-UK']","['UK', 'DE', 'FR']",
,,https://drive.google.com/drive/folders/19dhjo1D7wbslc0Gnk0pUMF6h_TPjiITk,['umFile'],"['RIH6010-DE', 'RIH6010-FR', 'RIH6010-UK']","['UK', 'DE', 'FR']",
,,https://www.indiegogo.com/projects/ultraduo-z2-the-smart-dual-lens-dashcam-camera,['marketingVideo'],['ultraduoz2wz'],[],
,,,['ce'],['ultraduoz2wz'],"['DE', 'IT', 'ES', 'FR']",
,,,['umFile'],['ultraduoz2wz'],"['US', 'UK', 'CA']",英文版說明書
,,,['umFile'],['ultraduoz2wz'],['DE'],德文版說明書
,,,['complianceOther'],['ultraduoz2wz'],['TW'],BSMI
,,https://youtu.be/XbJb4-mdY_U,['marketingVideo'],"['', 'ultradashs1']",['DE'],
,,,['ce'],['ultradashs1'],"['UK', 'IT', 'FR', 'DE', 'ES']",
,,,['complianceOther'],['ultradashs1'],['TW'],BSMI
,,,['rohs'],['major713'],"['CA', 'FR', 'IT', 'DE', 'US', 'TW', 'ES', 'UK']",
,,,['fcc'],['major713'],['US'],
,,,['ce'],['major713'],"['FR', 'DE', 'ES', 'IT', 'UK']",
,,https://drive.google.com/drive/folders/1KRKTXPq2hX4_GMI910FE7r1sP8Pn8BOV,['complianceOther'],['major713'],[],木盒材質說明
,,,,['PTOG001'],"['TW', 'CA', 'US']",農殘檢測_日規
,,,['complianceOther'],[''],['US'],電池空運資料
,,,['specificationTable'],"['1SEF-108-YE', '1SEF-108-RE', '108-BL2']",[],
,,,['OtherReferenceMaterialOther'],"['1SEF-108-YE', '1SEF-108-RE', '108-BL2']",[],特性說明
,,,['msds'],"['1SEF-108-YE', '1SEF-108-RE', '108-BL2']",[],
,,,['OtherReferenceMaterialOther'],"['1SEF-108-YE', '1SEF-108-RE', '108-BL2']",[],
,,,['umFile'],"['1SEF-108-YE', '1SEF-108-RE', '108-BL2']",[],
,,,['OtherReferenceMaterialOther'],"['1SEF-108-YE', '1SEF-108-RE', '108-BL2']",[],電子表
,,,['umFile'],['YUKON-1e'],['DE'],
,,,['umFile'],['YUKON-1e'],['DE'],印刷說明
,,,['ce'],['YUKON-1e'],"['UK', 'DE', 'FR', 'IT', 'ES']",
,,,['complianceOther'],['YUKON-1e'],"['UK', 'DE', 'FR', 'IT', 'ES']",
,,,['complianceOther'],['YUKON-1e'],"['UK', 'DE', 'FR', 'IT', 'ES']",
,,https://myviida.com/product/souffle-tablewareset/,['fda'],"['', 'A0120602', 'A0120606', 'A0120601']",['US'],
,,https://myviida.com/product/souffle-tablewareset/,['fda'],"['A0120602', 'A0120606', 'A0120601']",['US'],
,,,['fda'],"['A0120602', 'A0120606', 'A0120601']",['US'],
,,,['complianceOther'],"['A0120602', 'A0120606', 'A0120601']",['US'],CPSIA
,,,['complianceOther'],"['A0120602', 'A0120606', 'A0120601']",['US'],CPSIA
,,,['complianceOther'],"['A0120602', 'A0120606', 'A0120601']",['US'],CPSIA
,,,['complianceOther'],"['A0120602', 'A0120606', 'A0120601']",['US'],CPSIA
,,,['complianceOther'],"['A0120602', 'A0120606', 'A0120601']",['US'],CPSIA
,,,,['1A1'],[],RoHS中文版
,,,,['1A1'],[],RoHS英文版
,,,,['1A1'],[],中國註冊商標證
,,,,['1A1'],[],中國註冊商標證
,,,,['1A1'],[],中國盒裝專利證書
,,,,['1A1'],[],台灣註冊商標證
,,,,['1A1'],[],台灣註冊商標證
,,,,['1A1'],[],台灣盒裝專利證書
,,FCC,['fcc'],['US-BR-BK-0012'],[],
,,https://www.youtube.com/watch?v=dPPCkhG65gw,['marketingVideo'],[''],[],臺灣Dr. Hook掛鉤影片
,,https://drive.google.com/drive/folders/0B2xj9pl50PgvWGxjdHRLNXRkTTg,['complianceOther'],"['ME-300D-W', 'ME-300D-B', 'ME-300D-R', 'ME-300D-G']","['US', 'UK']",電池文件
,,,['msds'],"['1SEF-107-YE', '107-JB', '107-PK2']",['US'],
,,,['complianceOther'],"['1SEF-107-YE', '107-JB', '107-PK2']",[],
,,,['specificationTable'],"['1SEF-107-YE', '107-JB', '107-PK2']",[],
,,,['OtherReferenceMaterialOther'],"['1SEF-107-YE', '107-JB', '107-PK2']",[],特性表
,,,['OtherReferenceMaterialOther'],"['1SEF-107-YE', '107-JB', '107-PK2']",[],電子表
,,,['umFile'],"['1SEF-107-YE', '107-JB', '107-PK2']",[],
,,https://drive.google.com/open?id=125OWCz5eAEs1Dh2qyerjMpiQjfdDWoCi,,"['IPVR1T1-4-0015-4T', 'IPVR1T1-4-003-4T', 'IPVR1T1-4-006-4T', 'IPVR1T5-16-0015-4T', 'IPVR1T5-16-003-4T', 'IPVR1T5-16-006-4T', 'IPVR1T3-8-002-4T', 'IPVR1T3-8-003-4T', 'IPVR1T3-8-006-4T', 'IPVR1T3-8-009-4T', 'IPVR1T1-2-002-4T', 'IPVR1T1-2-003-4T', 'IPVR1T1-2-006-4T', 'IPVR1T1-2-009-4T', 'IPVR1T1-2-0125-4T', 'IPVR1T5-8-003-4T', 'IPVR1T5-8-006-4T', 'IPVR1T5-8-009-4T', 'IPVR1T5-8-0125-4T']",[],ISO9001證書
,,,['ce'],[''],[],
,,,['fcc'],"['023-WT1', '1SEN-023-PK', '1SEN-023-BL']",[],
,,,['specificationTable'],"['023-WT1', '1SEN-023-PK', '1SEN-023-BL']",[],
,,,"['complianceOther', 'OtherReferenceMaterialOther']","['023-WT1', '1SEN-023-PK', '1SEN-023-BL']",[],空運
,,,['msds'],"['023-WT1', '1SEN-023-PK', '1SEN-023-BL']",[],
,,,['complianceOther'],"['023-WT1', '1SEN-023-PK', '1SEN-023-BL']",[],
,,,['OtherReferenceMaterialOther'],"['023-WT1', '1SEN-023-PK', '1SEN-023-BL']",[],電子表
,,,['OtherReferenceMaterialOther'],"['023-WT1', '1SEN-023-PK', '1SEN-023-BL']",[],特性表
,,,['umFile'],"['023-WT1', '1SEN-023-PK', '1SEN-023-BL']",[],
,,https://drive.google.com/drive/folders/1fIbKjeBLXuMgIjGv-qhJ7cMKYPbkmCh_,['OtherReferenceMaterialOther'],"['85U08001R0', '85U01W01R0', '85U01001R0']",['US'],UPS木製產品出口申報表
,,,['ce'],"['M1-S-EVO-03', 'M1-EVO-03']","['UK', 'US']",CE證書
,,,['rohs'],"['M1-S-EVO-03', 'M1-EVO-03']","['UK', 'US']",RoHS證書
,,,['msds'],"['M1-S-EVO-03', 'M1-EVO-03']","['UK', 'US']",電池MSDS證書
,,,['ncc'],"['M1-S-EVO-03', 'M1-EVO-03']","['US', 'UK']",NCC證書
,,,['ncc'],"['M1-S-EVO-03', 'M1-EVO-03']","['UK', 'US']",NCC證書
,,,['complianceOther'],"['M1-S-EVO-03', 'M1-EVO-03']","['US', 'UK']",TELEC證書
,,,['productPackageDesign'],"['M1-S-EVO-03', 'M1-EVO-03']","['UK', 'US']",產品外包裝
,,,['OtherReferenceMaterialOther'],"['M1-S-EVO-03', 'M1-EVO-03']","['US', 'UK']",產品差異說明
,,,['productPackageDesign'],"['M1-S-EVO-03', 'M1-EVO-03']","['UK', 'US']",產品內附配件說明
,,,['fcc'],"['M1-S-EVO-03', 'M1-EVO-03']","['UK', 'US']",FCC證書
,,,['umFile'],"['M1-S-EVO-03', 'M1-EVO-03']","['UK', 'US']",安裝說明書
,,,['umFile'],"['M1-S-EVO-03', 'M1-EVO-03', 'M1-01HB', 'M1-01HB-Full']","['US', 'UK']",操作說明書
,,https://drive.google.com/open?id=125OWCz5eAEs1Dh2qyerjMpiQjfdDWoCi,,"['ISB1-16-2T', 'ISB5-64-2T', 'ISB3-32-2T', 'ISB7-64-2T', 'ISB1-8-2T', 'ISB3-16-2T', 'ISB1-4-2T', 'ISB5-16-2T', 'ISB3-8-2T', 'ISB1-2-2T', 'ISB5-8-2T']",[],ISO9001證書
,,,['msds'],['PLB-301'],[],
,,,['specificationTable'],['S01'],[],
,,https://docs.wixstatic.com/ugd/073f04_2a23536b312643ee80eed2d382ca2c96.pdf,['umLink'],['S01'],[],SID 3D Camera 說明書
,,https://www.youtube.com/watch?v=c5838F_6WMU,['marketingVideo'],['S01'],[],
,,,['ce'],['S01'],"['ES', 'DE', 'IT', 'FR', 'UK']",
,,,['fcc'],['S01'],['US'],
,,,['rohs'],['S01'],"['CA', 'DE', 'ES', 'IT', 'FR', 'US', 'UK']",
,,,['ncc'],['S01'],['TW'],
,,,['OtherReferenceMaterialOther'],['S01'],[],
,,,['fcc'],['K101-K228-30A'],"['CA', 'US', 'UK']",FCC+CE
,,,['umFile'],['K101-K228-30A'],"['UK', 'US']",說明書印刷檔
,,,['umFile'],['K101-K228-30A'],[],
,,,['umFile'],['K101-K228-30A'],[],
,,,['complianceOther'],"['K423-1A', 'K423-1C']",['US'],
,,,['complianceOther'],"['K423-1A', 'K423-1C']",[],
,,,['complianceOther'],"['K423-1A', 'K423-1C']",[],
,,,['complianceOther'],"['K423-1A', 'K423-1C']",[],
,,,['umFile'],"['K423-1A', 'K423-1C']",[],
,,,['umFile'],"['K423-1A', 'K423-1C']",[],
,,,['umFile'],"['K423-1A', 'K423-1C']",[],
,,,['umFile'],"['K423-1A', 'K423-1C']",[],
,,,['umFile'],"['K423-1A', 'K423-1C']",[],
,,,['umFile'],"['K423-1A', 'K423-1C']",[],
,,,['umFile'],"['K423-1A', 'K423-1C']",[],
,,,['umFile'],"['K423-1A', 'K423-1C']",[],
,,,['umFile'],"['K423-1A', 'K423-1C']",[],
,,,['umFile'],"['K423-1A', 'K423-1C']",[],
,,,['specificationTable'],['S02'],[],
,,https://www.youtube.com/watch?v=c5838F_6WMU,['marketingVideo'],['S02'],[],
,,https://docs.wixstatic.com/ugd/073f04_4594320007a240fd9e919db3c271fa3c.pdf,['umLink'],['S02'],[],SID 3-axis gimbal
,,https://docs.wixstatic.com/ugd/073f04_2a23536b312643ee80eed2d382ca2c96.pdf,['umLink'],['S02'],[],SID 3D Camera
,,,['ce'],['S02'],"['UK', 'IT', 'FR', 'DE', 'ES']",三軸穩定器證書
,,,['ce'],['S02'],"['DE', 'ES', 'FR', 'IT', 'UK']",三軸穩定器報告
,,,['ce'],['S02'],"['UK', 'ES', 'IT', 'DE', 'FR']",三軸穩定器報告
,,,['fcc'],['S02'],['US'],三軸穩定器證書
,,,['fcc'],['S02'],['US'],三軸穩定器報告
,,,['OtherReferenceMaterialOther'],['S02'],['TW'],
,,,['ncc'],['S02'],['TW'],
,,,['fcc'],"['', 'ultradashc1']",['US'],FCC
,,https://youtu.be/7utdTQYoN3Q,['marketingVideo'],['ultradashc1'],[],C1 產品介紹影片
,,https://youtu.be/-jMsHTtuQG4,['marketingVideo'],['ultradashc1'],[],C1 實際路側影片
,,,['complianceOther'],"['TC056GN', 'TC056PK', 'TC056BU']",['TW'],BSMI 免商檢公文
,,,['complianceOther'],"['TC056GN', 'TC056PK', 'TC056BU']",['TW'],BSMI 免商檢公文
,,,['OtherReferenceMaterialOther'],"['TC056GN', 'TC056PK', 'TC056BU']",['TW'],
,,,['productPackageDesign'],"['TC056BU', 'TC056PK', 'TC056GN']","['UK', 'US']",
,,,['complianceOther'],"['TC056GN', 'TC056PK', 'TC056BU']",['UK'],
,,,['ce'],"['TC056BU', 'TC056PK', 'TC056GN']",['UK'],
,,,['rohs'],"['TC056BU', 'TC056PK', 'TC056GN']",['UK'],
,,,['rohs'],"['TC056BU', 'TC056PK', 'TC056GN']",['UK'],
,,,['complianceOther'],"['MaxP01', 'MaxG01']",['TW'],SGS抗菌測試
,,,,"['MaxP01', 'MaxG01']",[],
,,,['msds'],"['MaxP01', 'MaxG01']",[],
,,,,"['MaxP01', 'MaxG01']",[],
,,,,"['MaxP01', 'MaxG01']",[],
,,,,"['MaxP01', 'MaxG01']",[],
,,,['ce'],"['K408-13A', 'K408-13B', 'K408-13C']","['US', 'UK']",
,,,['fcc'],"['K408-13A', 'K408-13B', 'K408-13C']",['US'],
,,,['rohs'],"['K408-13A', 'K408-13B', 'K408-13C']","['UK', 'ES', 'DE', 'IT', 'FR']",
,,,['umFile'],"['K408-13A', 'K408-13B', 'K408-13C']","['US', 'CA', 'UK']",說明書製作檔
,,,['umFile'],"['K408-13A', 'K408-13B', 'K408-13C']","['CA', 'US', 'UK']",說明書製作檔
,,,['umFile'],"['K408-13A', 'K408-13B', 'K408-13C']","['CA', 'US', 'UK']",說明書印刷檔
,,https://docs.google.com/spreadsheets/d/1-WqreECgTo-HWZPF20-PVvDfKReF1lF9wY9VhE6i91I/edit#gid=458643970,['umLink'],"['K408-13A', 'K408-13B', 'K408-13C']",[],印刷說明
,,https://drive.google.com/open?id=125OWCz5eAEs1Dh2qyerjMpiQjfdDWoCi,,"['ISE-SET-2T', 'ISE-SET-4T']",[],ISO9001證書
,,https://drive.google.com/open?id=125OWCz5eAEs1Dh2qyerjMpiQjfdDWoCi,,['ISE-SET-2T4T'],[],ISO9001證書
,,,['productPackageDesign'],"['TC3582BU', 'TC3582RD', 'TC3582OR']","['US', 'UK']",
,,,['complianceOther'],"['TC3582OR', 'TC3582RD', 'TC3582BU']",['UK'],
,,,['ce'],"['TC3582OR', 'TC3582RD', 'TC3582BU']",['UK'],
,,,['msds'],['PLB-201'],[],
,,https://drive.google.com/open?id=125OWCz5eAEs1Dh2qyerjMpiQjfdDWoCi,,"['MSB0402T', 'SB0602T', 'SB0802T', 'SB1002T', 'SB1202T', 'SB1602T']",[],ISO9001證書
,,https://arkvie.com/2017/09/20/airlight-great-outdoor-lighting/,,[''],[],
,,,,"['BLGIL002-BG', 'BLGIL002-PK']",[],
,,https://youtu.be/pJ89V_DrPZI,,"['BLGIL002-BG', 'BLGIL002-PK']",[],
,,,['productPackageDesign'],"['TC850BU', 'TC850PK', 'TC850GN', 'TC850YL']","['UK', 'US']",
,,,['ce'],"['TC850YL', 'TC850GN', 'TC850PK', 'TC850BU']",['UK'],
,,,['complianceOther'],"['TC850YL', 'TC850GN', 'TC850PK', 'TC850BU']",['UK'],
,,,['ce'],"['PawboPlus-EU', 'PawboPlus-UK']","['DE', 'ES', 'FR', 'IT', 'UK']",
,,,['ce'],"['PawboPlus-EU', 'PawboPlus-UK']","['DE', 'ES', 'FR', 'IT', 'UK']",
,,,['complianceOther'],"['PawboPlus-UK', 'PawboPlus-EU']","['UK', 'IT', 'FR', 'ES', 'DE']",(EU) R&TTE
,,,['complianceOther'],"['PawboPlus-UK', 'PawboPlus-EU']",['TW'],商品電磁相容性試驗報告
,,,['complianceOther'],"['PawboPlus-UK', 'PawboPlus-EU']",['TW'],
,,,['complianceOther'],"['PawboPlus-UK', 'PawboPlus-EU']",[],(JP)
,,,['fcc'],"['PawboPlus-UK', 'PawboPlus-EU']",['US'],
,,,['fcc'],"['PawboPlus-UK', 'PawboPlus-EU']",['US'],
,,,['complianceOther'],"['PawboPlus-UK', 'PawboPlus-EU']","['CA', 'DE', 'ES', 'FR', 'IT', 'TW', 'UK', 'US']",IEC 60825-1
,,,['complianceOther'],"['PawboPlus-UK', 'PawboPlus-EU']",[],Photographs of EUT
,,https://drive.google.com/open?id=125OWCz5eAEs1Dh2qyerjMpiQjfdDWoCi,,"['MSE0404T', 'SE0604T', 'SE0804T', 'SE1004T', 'SE1204T', 'SE1604T']",[],ISO9001證書
,,,['OtherReferenceMaterialOther'],['85U05001R0'],['TW'],BSMI 免商檢公文（Just and LOOP 共用）
,,,['fcc'],['85U05001R0'],[],FCC Test Report (includes CA ICES-003)
,,,['fcc'],['85U05001R0'],[],FCC Test Verification of Conformity (includes CA ICES-003)
,,,['ce'],['85U05001R0'],"['UK', 'ES', 'DE', 'FR', 'IT']",CE report
,,,['ce'],['85U05001R0'],"['UK', 'IT', 'FR', 'ES', 'DE']",CE Verification of Conformity
,,,['complianceOther'],['85U05001R0'],"['DE', 'ES', 'FR', 'IT']","CB Test Report (IEC 60065:2014   Audio, video and similar electronic apparatus - Safety requirements) 有列適用國家"
,,,['complianceOther'],['85U05001R0'],"['DE', 'ES', 'FR', 'IT']","CB Certificate (IEC 60065:2014   Audio, video and similar electronic apparatus - Safety requirements)"
,,,"['fcc', 'complianceOther']",['85U05001R0'],['US'],"UL (E141650 Power Supplies, Information Technology Equipment Including Electrical Business Equipment), FCC & ICES, BSMI R73521 for Adapter"
,,,['umFile'],['85U05001R0'],[],user manual
,,,['productPackageDesign'],['85U05001R0'],[],plastic bag with warning
,,,['ce'],['MKP-15P'],"['UK', 'DE', 'ES', 'FR', 'IT']",
,,,['rohs'],['MKP-15P'],"['US', 'FR', 'CA', 'DE', 'IT', 'ES', 'TW', 'UK']",
,,,['fcc'],['MKP-15P'],"['US', 'CA']",含ICES-003
,,,['OtherReferenceMaterialOther'],['MKP-15P'],['TW'],BSMI
,,,['umFile'],['MKP-15P'],['US'],英文說明書（和中文印一起）
,,,['umFile'],['MKP-15P'],['US'],中文說明書（和英文印一起）
,,,['productPackageDesign'],['MKP-15P'],['US'],
,,https://arkvie.com/2017/09/20/airlight-great-outdoor-lighting/,,[''],[],使用說明(E)
,,,,"['BLGIL001-BG', 'BLGIL001-PK']",[],
,,https://youtu.be/pJ89V_DrPZI,['operationVideo'],"['BLGIL001-BG', 'BLGIL001-PK']",[],
,,,['fcc'],"['UG01BT-Orange', 'UG01BT-Blue', 'UG01BT-Gray']",['US'],
,,,['fcc'],"['UG01BT-Orange', 'UG01BT-Blue', 'UG01BT-Gray']",['US'],
,,,['fcc'],"['85U06B01R0-Blue', '85U06P01R0-Pink', '85U06R01R0-Orange']",['US'],
,,,,"['85U06P01R0-Pink', '85U06B01R0-Blue', '85U06R01R0-Orange']",['TW'],（Just and LOOP 共用）
,,,['umFile'],"['85U06B01R0-Blue', '85U06P01R0-Pink', '85U06R01R0-Orange']","['US', 'UK']",Metric units only
,,,['umFile'],"['85U06B01R0-Blue', '85U06P01R0-Pink', '85U06R01R0-Orange']",['TW'],
,,,['OtherReferenceMaterialOther'],"['85U06B01R0-Blue', '85U06P01R0-Pink', '85U06R01R0-Orange']","['US', 'TW', 'UK']",產品介紹
,,,['specificationTable'],"['85U06B01R0-Blue', '85U06P01R0-Pink', '85U06R01R0-Orange']",['UK'],
,,,['complianceOther'],"['85U06B01R0-Blue', '85U06P01R0-Pink', '85U06R01R0-Orange']",[],(Jason EMC) J55013(H14) Sound and Television Broadcast Receivers and Associated Equipment – Radio  Disturbance Characteristics.
,,,['complianceOther'],"['85U06R01R0-Orange', '85U06P01R0-Pink', '85U06B01R0-Blue']","['UK', 'US', 'TW']","IEC 60065: 2014 / EN 60065: 2014 (Audio, video and similar electronic apparatus – Safety requirements)"
,,,['complianceOther'],"['85U06B01R0-Blue', '85U06P01R0-Pink', '85U06R01R0-Orange']",[],(Jason EMC) J55013(H14)
,,,['complianceOther'],"['85U06R01R0-Orange', '85U06P01R0-Pink', '85U06B01R0-Blue']",[],"IEC 60065: 2014 / EN 60065: 2014 (Audio, video and similar electronic apparatus – Safety requirements)"
,,,['complianceOther'],"['85U06B01R0-Blue', '85U06P01R0-Pink', '85U06R01R0-Orange']",[],CB
,,,['complianceOther'],"['85U06R01R0-Orange', '85U06P01R0-Pink', '85U06B01R0-Blue']",[],CB
,,,['umFile'],"['85U06B01R0-Blue', '85U06P01R0-Pink', '85U06R01R0-Orange']",[],
,,,['OtherReferenceMaterialOther'],"['AA11T1-38', 'AA11T1-56', 'AA11T2-38', 'AA11T2-56', 'AA11T3-38', 'AA11T3-56', 'AA11T4-38', 'AA11T4-56', 'AA11T5-38', 'AA11T5-56']","['CA', 'DE', 'ES', 'UK', 'TW', 'IT', 'FR', 'US']",無毒（無偶氮化物）
,,,['OtherReferenceMaterialOther'],"['AA11T1-38', 'AA11T1-56', 'AA11T2-38', 'AA11T2-56', 'AA11T3-38', 'AA11T3-56', 'AA11T4-38', 'AA11T4-56', 'AA11T5-38', 'AA11T5-56']","['CA', 'DE', 'ES', 'UK', 'TW', 'IT', 'FR', 'US']",色牢度
,,,['OtherReferenceMaterialOther'],"['AA11T1-38', 'AA11T1-56', 'AA11T2-38', 'AA11T2-56', 'AA11T3-38', 'AA11T3-56', 'AA11T4-38', 'AA11T4-56', 'AA11T5-38', 'AA11T5-56']","['CA', 'US', 'FR', 'IT', 'DE', 'ES', 'TW', 'UK']",遮光率
,,,['OtherReferenceMaterialOther'],"['AA11T1-38', 'AA11T1-56', 'AA11T2-38', 'AA11T2-56', 'AA11T3-38', 'AA11T3-56', 'AA11T4-38', 'AA11T4-56', 'AA11T5-38', 'AA11T5-56']","['US', 'UK', 'CA']",公司簡介
,,https://www.youtube.com/watch?v=dPPCkhG65gw,['marketingVideo'],['HMG-DH-1020'],[],臺灣Dr. Hook掛鉤影片
,,https://youtu.be/tBv8Z3m8Etw,['marketingVideo'],[''],"['CA', 'FR', 'IT', 'DE', 'ES', 'UK', 'TW', 'US']",安裝影片
,,,,['B02003'],[],
,,,['OtherReferenceMaterialOther'],['B05004-3'],"['US', 'UK']",SGS
,,,['rohs'],"['', 'A101001', 'A101004', 'A101008', 'A101006', 'A101010', 'A101013', 'A101014', 'A101015', 'A101016']",['US'],
,,,['complianceOther'],"['85U14W01R0', '85U14W03R0', '85U14W04R0']",['TW'],進口免驗文件
,,,,['PTBL001'],"['CA', 'TW', 'UK', 'US']",農殘檢驗
,,,,['sd5728'],[],
,,,,"['85U17001R0', '85U17002R0', '85U17003R0']",[],經濟部標準檢驗局
,,,,"['85U17001R0', '85U17002R0', '85U17003R0']",[],Just Mic Power 中文說明書
,,,['OtherReferenceMaterialOther'],"['LP001-7XL', 'LP001-7L', 'LP001-7M', 'LP001-7S']",['TW'],reference laundry label
,,,['OtherReferenceMaterialOther'],"['LP001-7XL', 'LP001-7L', 'LP001-7M', 'LP001-7S']",['TW'],reference laundry label
,,,['productPackageDesign'],"['LP001-7S', 'LP001-7M', 'LP001-7L', 'LP001-7XL']",[],
,,,,['PTOG002'],"['CA', 'US', 'TW']",農殘檢測_日規
,,,['productPackageDesign'],"['LP004-9S', 'LP004-9M', 'LP004-9L', 'LP004-9XL']",['TW'],
,,,['complianceOther'],['TD-1035'],['TW'],"目前證書是台灣品牌的名稱, 但是是同一個產品"
,,,['ce'],['TD-1035'],"['DE', 'ES', 'FR', 'IT', 'UK']",即 CE 證書，歐盟皆適用
,,,['complianceOther'],['TD-1035'],['UK'],EN ISO 80601-2-56 2012
,,,['complianceOther'],['TD-1035'],['UK'],
,,,['complianceOther'],['TD-1035'],['UK'],
,,,['msds'],['TD-1035'],[],1035 塑膠材質之MSDS (奇美ABS)
,,,['bluetooth'],['TD-1035'],[],
,,,['complianceOther'],['TD-1035'],[],ISO 9001
,,,['fda'],['TD-1035'],[],Taidoc 廠內測試（根據ISO 80601-2-56:2009）
,,,['fda'],['TD-1035'],[],Taidoc 廠內測試（根據ISO 80601-2-56:2009）
,,,['fda'],['TD-1035'],[],Taidoc 廠內測試（根據ISO 80601-2-56:2009）
,,,['fda'],['TD-1035'],[],Taidoc 廠內測試（根據ISO 80601-2-56:2009）
,,,['fda'],['TD-1035'],[],Taidoc 廠內測試（根據ISO 80601-2-56:2009）
,,,['fda'],['TD-1035'],[],Taidoc 廠內測試（根據ISO 80601-2-56:2009）
,,,['complianceOther'],['C001'],"['CA', 'US']",
,,,['complianceOther'],['C001'],[],
,,,,"['85U20001R0', '85U20002R0', '85U20003R0', '85U20004R0']",[],中文說明書word檔
,,,,"['85U20001R0', '85U20002R0', '85U20003R0', '85U20004R0']",[],中文說明書pdf檔
,,,['ce'],"['85U20002R0', '85U20003R0']","['UK', 'IT', 'DE', 'ES', 'FR']",CE測試報告
,,,['ce'],"['85U20002R0', '85U20003R0']","['UK', 'DE', 'IT', 'ES', 'FR']",CE證書
,,,['fcc'],"['85U20001R0', '85U20004R0', '85U20009R0']",[],FCC/ICES測試報告
,,,['fcc'],"['85U20001R0', '85U20004R0', '85U20009R0']",[],FCC/ICES證書
,,,['complianceOther'],[],[],VCCI測試報告
,,,['complianceOther'],[],[],VCCI證書
,,,['complianceOther'],[],[],CB證書
,,,['complianceOther'],[],[],CB測試報告
,,https://www.youtube.com/watch?v=fTST1T--r8c,['marketingVideo'],"['', 'ultraduoz1wz']",[],
,,,['rohs'],['ultraduoz1wz'],"['DE', 'ES', 'IT', 'FR', 'UK']",
,,,['ce'],['ultraduoz1wz'],"['DE', 'ES', 'IT', 'FR', 'UK']",
,,,['complianceOther'],['ultraduoz1wz'],['TW'],BSMI
,,,['umFile'],['ultraduoz1wz'],"['UK', 'US', 'CA']",英文版說明書
,,,['umFile'],['ultraduoz1wz'],['DE'],德文版說明書
,,,['complianceOther'],"['', 'S150101-1', 'S150101-2', 'S150101-3']",['US'],US 發明專利
,,,['complianceOther'],"['S150101-1', 'S150101-2', 'S150101-3']",['CA'],CA 商標
,,https://mega.nz/#!v9QWEArb!LD1q6ZlsmWyRqGIVPeHp8YF0N1pysU20HyTtFOwoNVw,['umLink'],"['S150101-1', 'S150101-2', 'S150101-3']","['CA', 'US']",
,,https://youtu.be/EwJtWhbS8JQ,['operationVideo'],"['S150101-1', 'S150101-2', 'S150101-3']","['CA', 'US']",
,,,,[''],[],
,,,['msds'],['TJTA003'],[],
,,https://www.youtube.com/watch?v=HlcWfeymE_s,['marketingVideo'],['NH-030'],"['TW', 'US', 'UK', 'CA', 'DE', 'ES', 'FR', 'IT']",https://www.youtube.com/watch?v=HlcWfeymE_s
,,,['complianceOther'],['NH-030'],['TW'],BSMI 商檢證
,,,['complianceOther'],[''],['US'],US 專利
,,,['complianceOther'],"['S150103-1', 'S150103-2', 'S150103-3']",['CA'],CA 商標
,,https://mega.nz/#!v9QWEArb!LD1q6ZlsmWyRqGIVPeHp8YF0N1pysU20HyTtFOwoNVw,['umLink'],"['S150103-1', 'S150103-2', 'S150103-3']","['CA', 'US']",
,,https://youtu.be/EwJtWhbS8JQ,['operationVideo'],"['S150103-1', 'S150103-2', 'S150103-3']","['CA', 'US']",
,,,,[''],[],
,,,['msds'],['TJTA004'],[],
,,,['complianceOther'],"['S150204-1', 'S150204-2', 'S150204-3']",['US'],
,,,['complianceOther'],"['S150204-1', 'S150204-2', 'S150204-3']",['CA'],
,,https://mega.nz/#!zwhEHKiA!5Up7VxrqMe6EePg80wSz8Oee-4UAOV3NfmBUcxISvHE,['umLink'],"['S150204-1', 'S150204-2', 'S150204-3']","['CA', 'US']",
,,https://youtu.be/ehpDAZH6PTw,['operationVideo'],"['S150204-1', 'S150204-2', 'S150204-3']","['CA', 'US']",
,,,['complianceOther'],"['S150203-1', 'S150203-2', 'S150203-3']",['US'],US專利
,,,['complianceOther'],"['S150203-1', 'S150203-2', 'S150203-3']",['CA'],CA商標
,,https://mega.nz/#!P8h3XR5D!6fCQodypMCCpdul_vQdGhxLM5LH_NttJ-9OuLyyrsKA,['umLink'],"['S150203-1', 'S150203-2', 'S150203-3']","['CA', 'US']",
,,https://youtu.be/8ytB8L11vqg,['operationVideo'],"['S150203-1', 'S150203-2', 'S150203-3']","['CA', 'US']",
,,https://www.dropbox.com/home/amazon,,[''],[],
